시점,월별,시도별,사고건수,사망자수,부상자수
2005,전체,서울,38610,485,57434
2005,전체,부산,11873,262,17829
2005,전체,대구,12252,235,17957
2005,전체,인천,11709,207,18467
2005,전체,광주,7797,103,12134
2005,전체,대전,5399,116,8857
2005,전체,울산,4359,115,6576
2005,전체,경기,43595,1199,73705
2005,전체,강원,8682,323,15634
2005,전체,충북,7673,325,12866
2005,전체,충남,8646,583,14893
2005,전체,전북,9823,448,16476
2005,전체,전남,10472,554,17575
2005,전체,경북,16772,734,26277
2005,전체,경남,13343,579,20637
2005,전체,제주,3166,108,4916
2005,1월,서울,2836,31,4411
2005,1월,부산,751,17,1076
2005,1월,대구,777,21,1162
2005,1월,인천,937,24,1488
2005,1월,광주,548,12,856
2005,1월,대전,389,13,657
2005,1월,울산,313,3,490
2005,1월,경기,3334,84,5785
2005,1월,강원,578,21,1073
2005,1월,충북,527,21,908
2005,1월,충남,630,54,1134
2005,1월,전북,687,42,1212
2005,1월,전남,762,44,1321
2005,1월,경북,1223,57,1978
2005,1월,경남,969,43,1495
2005,1월,제주,233,17,367
2005,2월,서울,2336,35,3509
2005,2월,부산,679,12,1077
2005,2월,대구,686,12,1022
2005,2월,인천,781,11,1242
2005,2월,광주,523,4,872
2005,2월,대전,357,5,590
2005,2월,울산,277,13,447
2005,2월,경기,2690,86,4596
2005,2월,강원,497,14,902
2005,2월,충북,468,25,828
2005,2월,충남,582,57,982
2005,2월,전북,612,31,1075
2005,2월,전남,683,37,1231
2005,2월,경북,1012,44,1616
2005,2월,경남,826,37,1267
2005,2월,제주,235,8,379
2005,3월,서울,3000,35,4235
2005,3월,부산,931,16,1423
2005,3월,대구,931,12,1335
2005,3월,인천,872,20,1345
2005,3월,광주,691,14,1067
2005,3월,대전,436,13,648
2005,3월,울산,311,11,453
2005,3월,경기,3387,95,5461
2005,3월,강원,607,21,1004
2005,3월,충북,606,35,947
2005,3월,충남,644,41,1099
2005,3월,전북,788,23,1348
2005,3월,전남,784,38,1283
2005,3월,경북,1238,50,1857
2005,3월,경남,1096,46,1682
2005,3월,제주,258,7,363
2005,4월,서울,3287,36,4861
2005,4월,부산,1005,14,1535
2005,4월,대구,951,25,1400
2005,4월,인천,951,14,1501
2005,4월,광주,639,10,972
2005,4월,대전,475,11,744
2005,4월,울산,387,4,607
2005,4월,경기,3516,88,5908
2005,4월,강원,662,30,1031
2005,4월,충북,647,31,1058
2005,4월,충남,737,52,1263
2005,4월,전북,863,37,1410
2005,4월,전남,858,53,1449
2005,4월,경북,1386,59,2121
2005,4월,경남,1216,36,1905
2005,4월,제주,237,7,366
2005,5월,서울,3379,41,4942
2005,5월,부산,1153,28,1686
2005,5월,대구,1066,23,1575
2005,5월,인천,1080,16,1676
2005,5월,광주,716,6,1066
2005,5월,대전,463,8,720
2005,5월,울산,371,11,539
2005,5월,경기,3956,108,6577
2005,5월,강원,733,21,1285
2005,5월,충북,695,34,1132
2005,5월,충남,762,66,1216
2005,5월,전북,918,35,1505
2005,5월,전남,922,57,1419
2005,5월,경북,1469,61,2332
2005,5월,경남,1158,49,1743
2005,5월,제주,244,7,395
2005,6월,서울,3151,37,4613
2005,6월,부산,1041,28,1555
2005,6월,대구,1082,13,1642
2005,6월,인천,1007,13,1558
2005,6월,광주,639,3,941
2005,6월,대전,442,5,730
2005,6월,울산,407,8,654
2005,6월,경기,3554,97,5814
2005,6월,강원,763,27,1500
2005,6월,충북,648,17,1091
2005,6월,충남,786,40,1325
2005,6월,전북,777,27,1261
2005,6월,전남,926,43,1548
2005,6월,경북,1425,70,2136
2005,6월,경남,1179,40,1836
2005,6월,제주,265,8,390
2005,7월,서울,3362,49,5021
2005,7월,부산,1064,25,1592
2005,7월,대구,1167,18,1710
2005,7월,인천,1000,15,1580
2005,7월,광주,682,8,1092
2005,7월,대전,494,6,859
2005,7월,울산,360,6,496
2005,7월,경기,3726,85,6425
2005,7월,강원,849,40,1542
2005,7월,충북,670,35,1086
2005,7월,충남,736,47,1255
2005,7월,전북,843,36,1391
2005,7월,전남,854,47,1425
2005,7월,경북,1437,65,2269
2005,7월,경남,1149,41,1774
2005,7월,제주,282,5,467
2005,8월,서울,3328,52,4946
2005,8월,부산,1073,33,1618
2005,8월,대구,1138,27,1658
2005,8월,인천,974,17,1621
2005,8월,광주,635,9,934
2005,8월,대전,472,6,798
2005,8월,울산,367,9,573
2005,8월,경기,3849,101,6818
2005,8월,강원,951,30,1933
2005,8월,충북,677,26,1172
2005,8월,충남,807,45,1534
2005,8월,전북,925,47,1603
2005,8월,전남,919,54,1573
2005,8월,경북,1499,51,2491
2005,8월,경남,1141,49,1901
2005,8월,제주,280,6,430
2005,9월,서울,3448,53,5060
2005,9월,부산,1068,11,1581
2005,9월,대구,1082,18,1563
2005,9월,인천,990,17,1572
2005,9월,광주,666,11,1045
2005,9월,대전,492,18,859
2005,9월,울산,364,7,572
2005,9월,경기,3757,124,6301
2005,9월,강원,763,32,1328
2005,9월,충북,756,22,1263
2005,9월,충남,712,38,1184
2005,9월,전북,880,36,1506
2005,9월,전남,937,48,1500
2005,9월,경북,1472,69,2305
2005,9월,경남,1096,58,1774
2005,9월,제주,276,15,418
2005,10월,서울,3362,34,5039
2005,10월,부산,1054,31,1575
2005,10월,대구,1170,17,1718
2005,10월,인천,1007,23,1576
2005,10월,광주,765,12,1221
2005,10월,대전,465,11,741
2005,10월,울산,457,21,669
2005,10월,경기,4030,117,6905
2005,10월,강원,860,26,1580
2005,10월,충북,685,24,1176
2005,10월,충남,804,45,1366
2005,10월,전북,953,65,1527
2005,10월,전남,1038,51,1748
2005,10월,경북,1636,82,2503
2005,10월,경남,1167,67,1766
2005,10월,제주,304,13,487
2005,11월,서울,3386,43,5050
2005,11월,부산,1051,25,1571
2005,11월,대구,1139,21,1611
2005,11월,인천,1051,20,1609
2005,11월,광주,716,10,1129
2005,11월,대전,467,8,772
2005,11월,울산,386,11,560
2005,11월,경기,3820,96,6409
2005,11월,강원,744,30,1307
2005,11월,충북,675,31,1149
2005,11월,충남,804,49,1418
2005,11월,전북,829,42,1324
2005,11월,전남,976,56,1682
2005,11월,경북,1559,66,2407
2005,11월,경남,1254,56,1889
2005,11월,제주,272,10,450
2005,12월,서울,3735,39,5747
2005,12월,부산,1003,22,1540
2005,12월,대구,1063,28,1561
2005,12월,인천,1059,17,1699
2005,12월,광주,577,4,939
2005,12월,대전,447,12,739
2005,12월,울산,359,11,516
2005,12월,경기,3976,118,6706
2005,12월,강원,675,31,1149
2005,12월,충북,619,24,1056
2005,12월,충남,642,49,1117
2005,12월,전북,748,27,1314
2005,12월,전남,813,26,1396
2005,12월,경북,1416,60,2262
2005,12월,경남,1092,57,1605
2005,12월,제주,280,5,404
2006,전체,서울,38298,452,56522
2006,전체,부산,12853,252,19310
2006,전체,대구,13097,227,19646
2006,전체,인천,10909,180,17024
2006,전체,광주,8027,134,12912
2006,전체,대전,5465,125,8822
2006,전체,울산,4548,125,7129
2006,전체,경기,42036,1239,70260
2006,전체,강원,8593,308,15289
2006,전체,충북,7922,325,13200
2006,전체,충남,8419,566,14222
2006,전체,전북,9472,447,15518
2006,전체,전남,10642,524,18148
2006,전체,경북,16784,752,26281
2006,전체,경남,13404,563,20824
2006,전체,제주,3276,108,5122
2006,1월,서울,2513,24,3865
2006,1월,부산,1031,20,1545
2006,1월,대구,999,18,1582
2006,1월,인천,828,13,1321
2006,1월,광주,511,6,812
2006,1월,대전,381,8,591
2006,1월,울산,330,7,533
2006,1월,경기,2900,89,4888
2006,1월,강원,632,28,1238
2006,1월,충북,509,19,935
2006,1월,충남,568,35,1020
2006,1월,전북,633,20,1020
2006,1월,전남,685,29,1191
2006,1월,경북,1208,42,2011
2006,1월,경남,1005,53,1596
2006,1월,제주,238,9,385
2006,2월,서울,2560,19,3815
2006,2월,부산,937,17,1409
2006,2월,대구,923,9,1436
2006,2월,인천,746,7,1166
2006,2월,광주,543,9,869
2006,2월,대전,373,10,616
2006,2월,울산,323,9,498
2006,2월,경기,2755,72,4698
2006,2월,강원,574,20,1081
2006,2월,충북,550,27,920
2006,2월,충남,531,33,834
2006,2월,전북,571,27,945
2006,2월,전남,676,31,1173
2006,2월,경북,1042,41,1650
2006,2월,경남,903,38,1365
2006,2월,제주,263,4,428
2006,3월,서울,3006,32,4413
2006,3월,부산,1005,21,1502
2006,3월,대구,1049,14,1545
2006,3월,인천,928,11,1427
2006,3월,광주,616,9,927
2006,3월,대전,440,9,711
2006,3월,울산,356,8,530
2006,3월,경기,3266,85,5267
2006,3월,강원,642,20,1068
2006,3월,충북,634,22,1043
2006,3월,충남,670,41,1158
2006,3월,전북,786,30,1262
2006,3월,전남,809,49,1320
2006,3월,경북,1242,59,1794
2006,3월,경남,1059,47,1640
2006,3월,제주,259,8,406
2006,4월,서울,3263,38,4780
2006,4월,부산,1099,20,1653
2006,4월,대구,1093,19,1603
2006,4월,인천,902,12,1402
2006,4월,광주,681,9,1103
2006,4월,대전,472,19,788
2006,4월,울산,397,8,668
2006,4월,경기,3470,100,5797
2006,4월,강원,617,10,1055
2006,4월,충북,636,19,1096
2006,4월,충남,719,33,1257
2006,4월,전북,805,31,1375
2006,4월,전남,868,38,1462
2006,4월,경북,1472,56,2341
2006,4월,경남,1169,46,1877
2006,4월,제주,285,11,468
2006,5월,서울,3498,40,5154
2006,5월,부산,1169,19,1764
2006,5월,대구,1169,25,1702
2006,5월,인천,982,19,1585
2006,5월,광주,747,16,1155
2006,5월,대전,477,12,786
2006,5월,울산,409,11,609
2006,5월,경기,3730,102,6176
2006,5월,강원,736,22,1294
2006,5월,충북,718,27,1209
2006,5월,충남,726,42,1167
2006,5월,전북,810,41,1354
2006,5월,전남,990,33,1669
2006,5월,경북,1454,69,2263
2006,5월,경남,1230,48,1902
2006,5월,제주,295,5,490
2006,6월,서울,3262,32,4759
2006,6월,부산,1097,30,1652
2006,6월,대구,1075,17,1555
2006,6월,인천,974,12,1471
2006,6월,광주,634,3,1007
2006,6월,대전,463,11,729
2006,6월,울산,373,5,594
2006,6월,경기,3375,94,5467
2006,6월,강원,657,24,1114
2006,6월,충북,639,22,1015
2006,6월,충남,649,37,1094
2006,6월,전북,756,35,1189
2006,6월,전남,851,40,1377
2006,6월,경북,1365,58,2087
2006,6월,경남,1034,30,1582
2006,6월,제주,231,5,340
2006,7월,서울,3359,45,5018
2006,7월,부산,1116,19,1758
2006,7월,대구,1089,16,1628
2006,7월,인천,1015,24,1536
2006,7월,광주,697,7,1083
2006,7월,대전,507,10,805
2006,7월,울산,404,18,632
2006,7월,경기,3935,103,6504
2006,7월,강원,721,27,1337
2006,7월,충북,687,22,1149
2006,7월,충남,715,46,1297
2006,7월,전북,744,34,1245
2006,7월,전남,891,40,1550
2006,7월,경북,1357,56,2223
2006,7월,경남,1109,38,1760
2006,7월,제주,288,11,453
2006,8월,서울,3505,43,5163
2006,8월,부산,1137,21,1743
2006,8월,대구,1047,16,1636
2006,8월,인천,918,10,1490
2006,8월,광주,622,12,1040
2006,8월,대전,445,7,715
2006,8월,울산,386,12,632
2006,8월,경기,3605,103,6168
2006,8월,강원,911,31,1765
2006,8월,충북,686,42,1164
2006,8월,충남,736,42,1283
2006,8월,전북,833,43,1381
2006,8월,전남,1008,48,1888
2006,8월,경북,1499,90,2411
2006,8월,경남,1185,55,1950
2006,8월,제주,271,10,453
2006,9월,서울,3524,47,5086
2006,9월,부산,1113,21,1642
2006,9월,대구,1163,26,1717
2006,9월,인천,898,14,1423
2006,9월,광주,751,18,1187
2006,9월,대전,494,8,794
2006,9월,울산,431,8,675
2006,9월,경기,3862,122,6388
2006,9월,강원,807,31,1457
2006,9월,충북,754,33,1186
2006,9월,충남,788,61,1274
2006,9월,전북,790,45,1246
2006,9월,전남,975,47,1624
2006,9월,경북,1450,53,2256
2006,9월,경남,1219,38,1848
2006,9월,제주,274,8,383
2006,10월,서울,3273,42,4964
2006,10월,부산,1136,17,1743
2006,10월,대구,1166,24,1700
2006,10월,인천,860,22,1346
2006,10월,광주,691,15,1128
2006,10월,대전,458,9,782
2006,10월,울산,361,14,548
2006,10월,경기,3676,126,6376
2006,10월,강원,830,36,1411
2006,10월,충북,725,31,1188
2006,10월,충남,835,61,1412
2006,10월,전북,918,45,1477
2006,10월,전남,1077,63,1821
2006,10월,경북,1603,70,2555
2006,10월,경남,1212,60,1848
2006,10월,제주,279,16,416
2006,11월,서울,3467,53,4978
2006,11월,부산,1040,30,1467
2006,11월,대구,1232,23,1885
2006,11월,인천,966,23,1494
2006,11월,광주,790,19,1285
2006,11월,대전,480,8,732
2006,11월,울산,407,10,635
2006,11월,경기,3991,127,6707
2006,11월,강원,798,33,1369
2006,11월,충북,725,37,1187
2006,11월,충남,834,83,1358
2006,11월,전북,968,56,1558
2006,11월,전남,977,51,1688
2006,11월,경북,1660,83,2571
2006,11월,경남,1221,52,1874
2006,11월,제주,321,13,482
2006,12월,서울,3068,37,4527
2006,12월,부산,973,17,1432
2006,12월,대구,1092,20,1657
2006,12월,인천,892,13,1363
2006,12월,광주,744,11,1316
2006,12월,대전,475,14,773
2006,12월,울산,371,15,575
2006,12월,경기,3471,116,5824
2006,12월,강원,668,26,1100
2006,12월,충북,659,24,1108
2006,12월,충남,648,52,1068
2006,12월,전북,858,40,1466
2006,12월,전남,835,55,1385
2006,12월,경북,1432,75,2119
2006,12월,경남,1058,58,1582
2006,12월,제주,272,8,418
2007,전체,서울,39410,452,57517
2007,전체,부산,10136,264,15078
2007,전체,대구,13561,207,19896
2007,전체,인천,10483,172,16305
2007,전체,광주,7913,157,12794
2007,전체,대전,5415,143,8664
2007,전체,울산,4673,108,7239
2007,전체,경기,41527,1218,69395
2007,전체,강원,8860,339,15918
2007,전체,충북,7991,286,13176
2007,전체,충남,8618,541,14845
2007,전체,전북,9765,391,16643
2007,전체,전남,10528,534,17857
2007,전체,경북,16201,738,25027
2007,전체,경남,13445,516,20783
2007,전체,제주,3136,100,4769
2007,1월,서울,2695,30,4062
2007,1월,부산,810,24,1198
2007,1월,대구,989,29,1437
2007,1월,인천,821,26,1282
2007,1월,광주,571,15,918
2007,1월,대전,411,12,643
2007,1월,울산,311,10,471
2007,1월,경기,2909,92,4882
2007,1월,강원,585,18,1106
2007,1월,충북,532,19,901
2007,1월,충남,583,37,1030
2007,1월,전북,675,32,1153
2007,1월,전남,751,46,1302
2007,1월,경북,1098,36,1793
2007,1월,경남,940,32,1437
2007,1월,제주,233,10,360
2007,2월,서울,2602,30,3874
2007,2월,부산,957,23,1416
2007,2월,대구,971,17,1419
2007,2월,인천,705,10,1134
2007,2월,광주,549,7,901
2007,2월,대전,357,13,583
2007,2월,울산,326,5,575
2007,2월,경기,2715,85,4644
2007,2월,강원,571,29,1078
2007,2월,충북,524,22,879
2007,2월,충남,566,45,1052
2007,2월,전북,707,24,1221
2007,2월,전남,775,40,1253
2007,2월,경북,1176,53,1858
2007,2월,경남,968,32,1495
2007,2월,제주,227,11,335
2007,3월,서울,3404,32,5128
2007,3월,부산,1018,22,1478
2007,3월,대구,1195,19,1753
2007,3월,인천,892,10,1398
2007,3월,광주,704,14,1141
2007,3월,대전,453,10,753
2007,3월,울산,398,11,594
2007,3월,경기,3639,85,6039
2007,3월,강원,688,27,1193
2007,3월,충북,615,17,1019
2007,3월,충남,702,32,1214
2007,3월,전북,806,30,1446
2007,3월,전남,841,39,1413
2007,3월,경북,1311,71,1930
2007,3월,경남,1257,51,1961
2007,3월,제주,243,6,351
2007,4월,서울,3310,37,4802
2007,4월,부산,832,12,1188
2007,4월,대구,1155,8,1688
2007,4월,인천,898,19,1390
2007,4월,광주,697,14,1152
2007,4월,대전,492,12,826
2007,4월,울산,358,7,542
2007,4월,경기,3728,102,6183
2007,4월,강원,695,19,1235
2007,4월,충북,658,21,1044
2007,4월,충남,733,55,1404
2007,4월,전북,818,20,1329
2007,4월,전남,914,42,1526
2007,4월,경북,1353,50,2040
2007,4월,경남,1152,38,1773
2007,4월,제주,262,4,433
2007,5월,서울,3469,30,5062
2007,5월,부산,916,17,1374
2007,5월,대구,1278,18,1949
2007,5월,인천,995,17,1535
2007,5월,광주,697,13,1160
2007,5월,대전,497,11,805
2007,5월,울산,401,12,587
2007,5월,경기,3809,99,6521
2007,5월,강원,772,18,1238
2007,5월,충북,797,19,1333
2007,5월,충남,830,58,1328
2007,5월,전북,897,34,1447
2007,5월,전남,947,50,1643
2007,5월,경북,1519,79,2341
2007,5월,경남,1185,37,1862
2007,5월,제주,255,4,347
2007,6월,서울,3492,47,4962
2007,6월,부산,881,20,1320
2007,6월,대구,1181,20,1671
2007,6월,인천,892,18,1355
2007,6월,광주,653,14,1082
2007,6월,대전,427,15,632
2007,6월,울산,442,11,734
2007,6월,경기,3663,127,6024
2007,6월,강원,770,27,1322
2007,6월,충북,644,18,1067
2007,6월,충남,711,42,1212
2007,6월,전북,872,29,1489
2007,6월,전남,863,46,1474
2007,6월,경북,1382,59,2090
2007,6월,경남,1139,29,1742
2007,6월,제주,298,16,486
2007,7월,서울,3428,50,4978
2007,7월,부산,834,18,1287
2007,7월,대구,1173,15,1725
2007,7월,인천,958,10,1461
2007,7월,광주,667,10,1048
2007,7월,대전,461,14,733
2007,7월,울산,430,6,690
2007,7월,경기,3502,107,5912
2007,7월,강원,781,35,1444
2007,7월,충북,647,23,1070
2007,7월,충남,675,35,1129
2007,7월,전북,803,34,1355
2007,7월,전남,853,36,1449
2007,7월,경북,1410,62,2196
2007,7월,경남,1149,43,1785
2007,7월,제주,266,5,414
2007,8월,서울,3271,46,4771
2007,8월,부산,782,29,1169
2007,8월,대구,1105,9,1601
2007,8월,인천,847,13,1386
2007,8월,광주,636,10,1046
2007,8월,대전,485,11,809
2007,8월,울산,371,6,580
2007,8월,경기,3506,95,6169
2007,8월,강원,920,31,1849
2007,8월,충북,709,23,1213
2007,8월,충남,751,30,1356
2007,8월,전북,795,30,1461
2007,8월,전남,945,51,1662
2007,8월,경북,1464,66,2360
2007,8월,경남,1116,56,1840
2007,8월,제주,279,6,439
2007,9월,서울,3554,37,5208
2007,9월,부산,817,26,1214
2007,9월,대구,1165,20,1731
2007,9월,인천,858,11,1360
2007,9월,광주,669,13,1031
2007,9월,대전,481,15,799
2007,9월,울산,412,8,641
2007,9월,경기,3663,104,6169
2007,9월,강원,784,29,1396
2007,9월,충북,770,36,1268
2007,9월,충남,762,43,1265
2007,9월,전북,864,38,1516
2007,9월,전남,924,38,1604
2007,9월,경북,1430,63,2253
2007,9월,경남,1104,43,1732
2007,9월,제주,249,8,396
2007,10월,서울,3552,38,5022
2007,10월,부산,778,28,1204
2007,10월,대구,1116,17,1622
2007,10월,인천,926,12,1438
2007,10월,광주,752,14,1202
2007,10월,대전,473,8,740
2007,10월,울산,454,9,672
2007,10월,경기,3664,108,5992
2007,10월,강원,829,38,1497
2007,10월,충북,752,26,1187
2007,10월,충남,842,57,1426
2007,10월,전북,896,37,1591
2007,10월,전남,1018,54,1653
2007,10월,경북,1444,60,2237
2007,10월,경남,1243,62,1861
2007,10월,제주,287,14,458
2007,11월,서울,3333,32,4774
2007,11월,부산,746,17,1113
2007,11월,대구,1098,17,1598
2007,11월,인천,896,16,1392
2007,11월,광주,681,20,1092
2007,11월,대전,446,12,672
2007,11월,울산,388,15,583
2007,11월,경기,3460,98,5661
2007,11월,강원,759,34,1350
2007,11월,충북,717,30,1153
2007,11월,충남,832,61,1355
2007,11월,전북,853,46,1406
2007,11월,전남,853,45,1412
2007,11월,경북,1353,66,2040
2007,11월,경남,1114,46,1665
2007,11월,제주,286,10,408
2007,12월,서울,3300,43,4874
2007,12월,부산,765,28,1117
2007,12월,대구,1135,18,1702
2007,12월,인천,795,10,1174
2007,12월,광주,637,13,1021
2007,12월,대전,432,10,669
2007,12월,울산,382,8,570
2007,12월,경기,3269,116,5199
2007,12월,강원,706,34,1210
2007,12월,충북,626,32,1042
2007,12월,충남,631,46,1074
2007,12월,전북,779,37,1229
2007,12월,전남,844,47,1466
2007,12월,경북,1261,73,1889
2007,12월,경남,1078,47,1630
2007,12월,제주,251,6,342
2008,전체,서울,41702,482,59937
2008,전체,부산,12100,225,17729
2008,전체,대구,13725,222,20109
2008,전체,인천,10624,176,16276
2008,전체,광주,8260,140,13598
2008,전체,대전,5526,112,8755
2008,전체,울산,5195,103,7904
2008,전체,경기,40193,1108,65931
2008,전체,강원,8766,299,15362
2008,전체,충북,8317,313,13964
2008,전체,충남,8568,528,14781
2008,전체,전북,9632,386,15983
2008,전체,전남,10443,483,18012
2008,전체,경북,15454,646,24105
2008,전체,경남,14135,551,21724
2008,전체,제주,3182,96,4792
2008,1월,서울,2607,38,3819
2008,1월,부산,699,19,1045
2008,1월,대구,1052,24,1573
2008,1월,인천,760,13,1209
2008,1월,광주,568,10,926
2008,1월,대전,397,15,632
2008,1월,울산,348,11,494
2008,1월,경기,2927,85,4886
2008,1월,강원,551,25,1031
2008,1월,충북,599,14,1017
2008,1월,충남,536,35,891
2008,1월,전북,663,34,1142
2008,1월,전남,684,34,1195
2008,1월,경북,1128,48,1835
2008,1월,경남,980,34,1470
2008,1월,제주,242,5,357
2008,2월,서울,2562,32,3923
2008,2월,부산,676,15,1032
2008,2월,대구,925,14,1425
2008,2월,인천,746,13,1207
2008,2월,광주,536,10,903
2008,2월,대전,368,7,578
2008,2월,울산,338,3,498
2008,2월,경기,2808,84,4816
2008,2월,강원,561,21,1022
2008,2월,충북,556,19,987
2008,2월,충남,515,36,990
2008,2월,전북,621,24,1112
2008,2월,전남,719,38,1261
2008,2월,경북,1086,62,1711
2008,2월,경남,932,42,1454
2008,2월,제주,227,8,363
2008,3월,서울,3189,44,4636
2008,3월,부산,803,21,1158
2008,3월,대구,1090,20,1648
2008,3월,인천,861,23,1304
2008,3월,광주,628,7,1058
2008,3월,대전,426,8,694
2008,3월,울산,420,5,627
2008,3월,경기,3297,98,5353
2008,3월,강원,625,22,1066
2008,3월,충북,657,22,1128
2008,3월,충남,633,38,1124
2008,3월,전북,773,31,1230
2008,3월,전남,798,45,1350
2008,3월,경북,1220,59,1851
2008,3월,경남,1057,52,1636
2008,3월,제주,275,7,421
2008,4월,서울,3399,44,4952
2008,4월,부산,891,17,1306
2008,4월,대구,1121,20,1561
2008,4월,인천,851,10,1320
2008,4월,광주,646,9,1028
2008,4월,대전,410,9,631
2008,4월,울산,420,6,647
2008,4월,경기,3361,89,5501
2008,4월,강원,634,15,1039
2008,4월,충북,671,26,1104
2008,4월,충남,673,37,1107
2008,4월,전북,821,30,1364
2008,4월,전남,847,41,1442
2008,4월,경북,1342,68,2017
2008,4월,경남,1157,50,1884
2008,4월,제주,254,5,461
2008,5월,서울,3838,36,5413
2008,5월,부산,1142,19,1764
2008,5월,대구,1272,21,1900
2008,5월,인천,922,13,1431
2008,5월,광주,785,16,1318
2008,5월,대전,479,8,748
2008,5월,울산,447,8,669
2008,5월,경기,3639,103,6008
2008,5월,강원,748,19,1353
2008,5월,충북,697,29,1167
2008,5월,충남,799,42,1411
2008,5월,전북,914,33,1487
2008,5월,전남,952,43,1657
2008,5월,경북,1333,48,2135
2008,5월,경남,1307,45,2076
2008,5월,제주,241,10,398
2008,6월,서울,3908,33,5478
2008,6월,부산,1068,18,1595
2008,6월,대구,1205,19,1731
2008,6월,인천,913,12,1371
2008,6월,광주,721,12,1186
2008,6월,대전,444,6,705
2008,6월,울산,436,9,661
2008,6월,경기,3525,67,5627
2008,6월,강원,697,12,1225
2008,6월,충북,693,30,1119
2008,6월,충남,757,44,1252
2008,6월,전북,834,34,1322
2008,6월,전남,855,40,1361
2008,6월,경북,1275,39,1979
2008,6월,경남,1264,45,1898
2008,6월,제주,229,3,362
2008,7월,서울,3957,40,5584
2008,7월,부산,1180,18,1738
2008,7월,대구,1202,13,1769
2008,7월,인천,1011,17,1552
2008,7월,광주,739,11,1221
2008,7월,대전,545,9,848
2008,7월,울산,457,12,739
2008,7월,경기,3579,94,5843
2008,7월,강원,846,32,1546
2008,7월,충북,704,23,1181
2008,7월,충남,785,38,1387
2008,7월,전북,855,26,1339
2008,7월,전남,864,30,1451
2008,7월,경북,1347,53,2135
2008,7월,경남,1221,30,1849
2008,7월,제주,270,6,371
2008,8월,서울,3680,45,5209
2008,8월,부산,1141,10,1723
2008,8월,대구,1128,21,1666
2008,8월,인천,871,18,1335
2008,8월,광주,694,11,1120
2008,8월,대전,484,13,746
2008,8월,울산,432,6,694
2008,8월,경기,3292,98,5543
2008,8월,강원,866,39,1724
2008,8월,충북,737,34,1217
2008,8월,충남,754,44,1299
2008,8월,전북,813,29,1433
2008,8월,전남,837,41,1523
2008,8월,경북,1324,70,2133
2008,8월,경남,1206,45,1919
2008,8월,제주,286,5,421
2008,9월,서울,3532,49,5046
2008,9월,부산,1066,22,1478
2008,9월,대구,1107,10,1621
2008,9월,인천,905,18,1370
2008,9월,광주,691,13,1128
2008,9월,대전,493,12,771
2008,9월,울산,430,6,638
2008,9월,경기,3191,98,5195
2008,9월,강원,774,30,1276
2008,9월,충북,706,20,1184
2008,9월,충남,785,52,1324
2008,9월,전북,803,34,1305
2008,9월,전남,881,35,1499
2008,9월,경북,1266,54,1938
2008,9월,경남,1142,42,1736
2008,9월,제주,251,7,385
2008,10월,서울,3686,35,5328
2008,10월,부산,1137,37,1561
2008,10월,대구,1270,20,1787
2008,10월,인천,984,15,1494
2008,10월,광주,746,20,1244
2008,10월,대전,538,9,886
2008,10월,울산,513,14,782
2008,10월,경기,3564,108,5714
2008,10월,강원,865,27,1467
2008,10월,충북,823,34,1365
2008,10월,충남,873,55,1513
2008,10월,전북,914,41,1452
2008,10월,전남,1010,52,1750
2008,10월,경북,1416,40,2152
2008,10월,경남,1287,56,1962
2008,10월,제주,300,11,425
2008,11월,서울,3686,44,5234
2008,11월,부산,1183,17,1736
2008,11월,대구,1219,18,1779
2008,11월,인천,914,11,1314
2008,11월,광주,777,11,1266
2008,11월,대전,499,6,772
2008,11월,울산,482,16,718
2008,11월,경기,3512,89,5765
2008,11월,강원,854,28,1404
2008,11월,충북,771,32,1346
2008,11월,충남,784,56,1348
2008,11월,전북,855,39,1442
2008,11월,전남,1036,32,1774
2008,11월,경북,1428,52,2247
2008,11월,경남,1310,62,2066
2008,11월,제주,287,15,374
2008,12월,서울,3658,42,5315
2008,12월,부산,1114,12,1593
2008,12월,대구,1134,22,1649
2008,12월,인천,886,13,1369
2008,12월,광주,729,10,1200
2008,12월,대전,443,10,744
2008,12월,울산,472,7,737
2008,12월,경기,3498,95,5680
2008,12월,강원,745,29,1209
2008,12월,충북,703,30,1149
2008,12월,충남,674,51,1135
2008,12월,전북,766,31,1355
2008,12월,전남,960,52,1749
2008,12월,경북,1289,53,1972
2008,12월,경남,1272,48,1774
2008,12월,제주,320,14,454
2009,전체,서울,44320,501,63584
2009,전체,부산,14082,251,20263
2009,전체,대구,14412,215,20858
2009,전체,인천,11009,186,17074
2009,전체,광주,9222,121,14761
2009,전체,대전,6004,132,9697
2009,전체,울산,5254,116,7899
2009,전체,경기,43405,1078,71011
2009,전체,강원,9503,287,16560
2009,전체,충북,8582,272,14366
2009,전체,충남,8792,503,14803
2009,전체,전북,10620,401,17244
2009,전체,전남,11253,485,19103
2009,전체,경북,16784,689,26098
2009,전체,경남,15118,538,22878
2009,전체,제주,3630,63,5676
2009,1월,서울,3111,52,4839
2009,1월,부산,991,16,1413
2009,1월,대구,1023,15,1562
2009,1월,인천,766,10,1250
2009,1월,광주,676,5,1145
2009,1월,대전,404,11,639
2009,1월,울산,396,13,605
2009,1월,경기,3140,103,5346
2009,1월,강원,692,33,1332
2009,1월,충북,602,23,1138
2009,1월,충남,637,44,1269
2009,1월,전북,715,22,1209
2009,1월,전남,823,38,1434
2009,1월,경북,1185,42,1981
2009,1월,경남,1111,44,1807
2009,1월,제주,260,4,404
2009,2월,서울,3073,47,4531
2009,2월,부산,1045,25,1515
2009,2월,대구,1009,20,1461
2009,2월,인천,761,14,1159
2009,2월,광주,582,11,949
2009,2월,대전,397,12,654
2009,2월,울산,398,8,599
2009,2월,경기,2935,66,4868
2009,2월,강원,548,13,960
2009,2월,충북,521,16,883
2009,2월,충남,535,34,879
2009,2월,전북,654,28,1069
2009,2월,전남,725,35,1313
2009,2월,경북,1071,45,1626
2009,2월,경남,1029,28,1610
2009,2월,제주,219,3,353
2009,3월,서울,3578,41,5132
2009,3월,부산,1165,21,1687
2009,3월,대구,1201,16,1718
2009,3월,인천,860,16,1340
2009,3월,광주,709,9,1143
2009,3월,대전,492,7,789
2009,3월,울산,414,6,630
2009,3월,경기,3327,101,5498
2009,3월,강원,658,15,1088
2009,3월,충북,634,21,980
2009,3월,충남,649,36,995
2009,3월,전북,830,35,1374
2009,3월,전남,906,35,1481
2009,3월,경북,1327,52,1961
2009,3월,경남,1202,55,1757
2009,3월,제주,272,2,394
2009,4월,서울,3576,34,5047
2009,4월,부산,1187,23,1663
2009,4월,대구,1262,21,1775
2009,4월,인천,884,17,1321
2009,4월,광주,794,16,1237
2009,4월,대전,485,7,782
2009,4월,울산,454,7,690
2009,4월,경기,3510,67,5715
2009,4월,강원,765,17,1328
2009,4월,충북,710,22,1166
2009,4월,충남,727,38,1251
2009,4월,전북,891,44,1412
2009,4월,전남,892,24,1526
2009,4월,경북,1429,52,2242
2009,4월,경남,1293,42,1881
2009,4월,제주,294,8,485
2009,5월,서울,3814,44,5424
2009,5월,부산,1200,29,1768
2009,5월,대구,1239,17,1771
2009,5월,인천,933,14,1470
2009,5월,광주,854,15,1387
2009,5월,대전,557,9,925
2009,5월,울산,466,14,682
2009,5월,경기,3871,99,6415
2009,5월,강원,779,30,1295
2009,5월,충북,721,19,1180
2009,5월,충남,825,36,1462
2009,5월,전북,934,27,1524
2009,5월,전남,998,43,1708
2009,5월,경북,1465,63,2265
2009,5월,경남,1284,53,1971
2009,5월,제주,297,7,496
2009,6월,서울,3732,38,5214
2009,6월,부산,1149,19,1597
2009,6월,대구,1151,28,1642
2009,6월,인천,910,7,1300
2009,6월,광주,775,13,1196
2009,6월,대전,473,10,718
2009,6월,울산,437,8,654
2009,6월,경기,3644,91,5816
2009,6월,강원,777,17,1314
2009,6월,충북,767,25,1207
2009,6월,충남,752,37,1226
2009,6월,전북,888,29,1345
2009,6월,전남,918,33,1503
2009,6월,경북,1387,45,2108
2009,6월,경남,1203,26,1782
2009,6월,제주,286,7,462
2009,7월,서울,4037,33,5776
2009,7월,부산,1218,18,1751
2009,7월,대구,1173,15,1707
2009,7월,인천,990,10,1512
2009,7월,광주,800,11,1277
2009,7월,대전,533,12,816
2009,7월,울산,445,7,707
2009,7월,경기,3777,80,6126
2009,7월,강원,943,34,1625
2009,7월,충북,754,19,1233
2009,7월,충남,708,32,1220
2009,7월,전북,846,29,1372
2009,7월,전남,952,40,1558
2009,7월,경북,1429,52,2240
2009,7월,경남,1345,55,2066
2009,7월,제주,331,7,559
2009,8월,서울,3669,37,5218
2009,8월,부산,1192,19,1750
2009,8월,대구,1119,12,1600
2009,8월,인천,973,22,1563
2009,8월,광주,745,12,1179
2009,8월,대전,505,11,850
2009,8월,울산,414,9,626
2009,8월,경기,3650,95,6120
2009,8월,강원,1016,40,1998
2009,8월,충북,737,21,1301
2009,8월,충남,798,42,1389
2009,8월,전북,1011,28,1765
2009,8월,전남,1015,42,1838
2009,8월,경북,1492,66,2401
2009,8월,경남,1309,51,2084
2009,8월,제주,348,7,518
2009,9월,서울,4079,47,5654
2009,9월,부산,1223,21,1749
2009,9월,대구,1333,11,1944
2009,9월,인천,1027,20,1548
2009,9월,광주,816,7,1262
2009,9월,대전,533,12,875
2009,9월,울산,408,9,612
2009,9월,경기,3919,95,6208
2009,9월,강원,847,26,1425
2009,9월,충북,792,26,1294
2009,9월,충남,822,38,1316
2009,9월,전북,1027,40,1626
2009,9월,전남,996,47,1544
2009,9월,경북,1514,58,2218
2009,9월,경남,1327,40,1927
2009,9월,제주,341,3,498
2009,10월,서울,4115,53,5744
2009,10월,부산,1237,26,1778
2009,10월,대구,1314,25,1898
2009,10월,인천,988,24,1491
2009,10월,광주,809,12,1287
2009,10월,대전,527,12,822
2009,10월,울산,484,14,723
2009,10월,경기,4028,102,6637
2009,10월,강원,854,19,1460
2009,10월,충북,855,30,1461
2009,10월,충남,838,57,1456
2009,10월,전북,1056,48,1731
2009,10월,전남,1043,49,1729
2009,10월,경북,1600,69,2540
2009,10월,경남,1367,48,2012
2009,10월,제주,325,4,486
2009,11월,서울,3705,39,5271
2009,11월,부산,1222,14,1812
2009,11월,대구,1297,15,1873
2009,11월,인천,959,16,1483
2009,11월,광주,825,5,1344
2009,11월,대전,535,19,892
2009,11월,울산,498,10,726
2009,11월,경기,3693,77,5843
2009,11월,강원,834,25,1365
2009,11월,충북,736,26,1280
2009,11월,충남,750,56,1175
2009,11월,전북,890,40,1373
2009,11월,전남,978,57,1709
2009,11월,경북,1506,63,2352
2009,11월,경남,1384,56,2047
2009,11월,제주,344,4,517
2009,12월,서울,3831,36,5734
2009,12월,부산,1253,20,1780
2009,12월,대구,1291,20,1907
2009,12월,인천,958,16,1637
2009,12월,광주,837,5,1355
2009,12월,대전,563,10,935
2009,12월,울산,440,11,645
2009,12월,경기,3911,102,6419
2009,12월,강원,790,18,1370
2009,12월,충북,753,24,1243
2009,12월,충남,751,53,1165
2009,12월,전북,878,31,1444
2009,12월,전남,1007,42,1760
2009,12월,경북,1379,82,2164
2009,12월,경남,1264,40,1934
2009,12월,제주,313,7,504
2010,전체,서울,41662,429,59718
2010,전체,부산,13847,244,19885
2010,전체,대구,14600,187,21511
2010,전체,인천,10305,212,15830
2010,전체,광주,8894,126,14618
2010,전체,대전,5870,109,9093
2010,전체,울산,5067,102,7498
2010,전체,경기,43963,1002,70818
2010,전체,강원,9026,267,15693
2010,전체,충북,8571,262,14032
2010,전체,충남,9282,501,15299
2010,전체,전북,10453,417,16782
2010,전체,전남,10949,435,18610
2010,전체,경북,16498,624,26077
2010,전체,경남,14274,487,21620
2010,전체,제주,3617,101,5374
2010,1월,서울,3109,28,4722
2010,1월,부산,1116,15,1629
2010,1월,대구,1074,17,1630
2010,1월,인천,851,13,1463
2010,1월,광주,727,17,1243
2010,1월,대전,469,11,736
2010,1월,울산,367,8,551
2010,1월,경기,3409,82,5711
2010,1월,강원,676,21,1260
2010,1월,충북,588,14,961
2010,1월,충남,592,38,996
2010,1월,전북,795,38,1313
2010,1월,전남,731,33,1347
2010,1월,경북,1201,42,1936
2010,1월,경남,1105,48,1679
2010,1월,제주,314,13,478
2010,2월,서울,2948,30,4312
2010,2월,부산,1028,22,1517
2010,2월,대구,1023,11,1553
2010,2월,인천,747,30,1152
2010,2월,광주,652,14,1074
2010,2월,대전,442,6,716
2010,2월,울산,371,7,541
2010,2월,경기,3070,69,4974
2010,2월,강원,584,12,1058
2010,2월,충북,546,16,898
2010,2월,충남,552,27,948
2010,2월,전북,664,31,1136
2010,2월,전남,735,28,1305
2010,2월,경북,1168,52,1926
2010,2월,경남,997,43,1441
2010,2월,제주,276,8,417
2010,3월,서울,3388,32,4789
2010,3월,부산,1099,16,1573
2010,3월,대구,1128,12,1699
2010,3월,인천,807,19,1267
2010,3월,광주,695,9,1123
2010,3월,대전,486,8,756
2010,3월,울산,424,11,627
2010,3월,경기,3426,65,5525
2010,3월,강원,628,22,1018
2010,3월,충북,647,25,1008
2010,3월,충남,744,24,1217
2010,3월,전북,811,24,1272
2010,3월,전남,894,32,1507
2010,3월,경북,1205,59,1817
2010,3월,경남,1127,32,1712
2010,3월,제주,292,6,440
2010,4월,서울,3510,22,4913
2010,4월,부산,1120,20,1631
2010,4월,대구,1145,16,1645
2010,4월,인천,849,9,1259
2010,4월,광주,719,9,1200
2010,4월,대전,469,6,729
2010,4월,울산,437,11,672
2010,4월,경기,3599,65,5754
2010,4월,강원,638,25,1095
2010,4월,충북,686,19,1104
2010,4월,충남,715,34,1196
2010,4월,전북,813,26,1299
2010,4월,전남,936,37,1510
2010,4월,경북,1267,42,1975
2010,4월,경남,1228,43,1826
2010,4월,제주,255,11,383
2010,5월,서울,3721,37,5261
2010,5월,부산,1229,21,1714
2010,5월,대구,1293,12,1867
2010,5월,인천,959,14,1463
2010,5월,광주,790,7,1313
2010,5월,대전,553,9,875
2010,5월,울산,453,9,699
2010,5월,경기,3967,80,6434
2010,5월,강원,746,18,1283
2010,5월,충북,809,21,1281
2010,5월,충남,884,54,1462
2010,5월,전북,933,30,1498
2010,5월,전남,965,41,1636
2010,5월,경북,1487,55,2329
2010,5월,경남,1266,30,1921
2010,5월,제주,317,9,485
2010,6월,서울,3507,42,4874
2010,6월,부산,1172,22,1644
2010,6월,대구,1250,17,1791
2010,6월,인천,853,13,1279
2010,6월,광주,745,11,1166
2010,6월,대전,501,17,734
2010,6월,울산,394,7,542
2010,6월,경기,3722,89,5897
2010,6월,강원,732,20,1218
2010,6월,충북,722,20,1148
2010,6월,충남,782,46,1152
2010,6월,전북,781,38,1181
2010,6월,전남,906,31,1431
2010,6월,경북,1379,51,2090
2010,6월,경남,1180,44,1744
2010,6월,제주,284,6,420
2010,7월,서울,3535,37,5048
2010,7월,부산,1178,25,1674
2010,7월,대구,1288,18,1915
2010,7월,인천,841,26,1328
2010,7월,광주,727,4,1178
2010,7월,대전,451,9,708
2010,7월,울산,441,10,702
2010,7월,경기,3613,85,5858
2010,7월,강원,750,20,1288
2010,7월,충북,730,22,1183
2010,7월,충남,811,42,1270
2010,7월,전북,842,34,1344
2010,7월,전남,884,34,1549
2010,7월,경북,1407,51,2257
2010,7월,경남,1176,33,1854
2010,7월,제주,291,3,421
2010,8월,서울,3558,31,5037
2010,8월,부산,1131,22,1678
2010,8월,대구,1245,9,1850
2010,8월,인천,841,15,1301
2010,8월,광주,721,8,1195
2010,8월,대전,513,8,818
2010,8월,울산,410,8,595
2010,8월,경기,3650,78,6213
2010,8월,강원,952,24,1811
2010,8월,충북,748,27,1275
2010,8월,충남,794,29,1359
2010,8월,전북,844,30,1417
2010,8월,전남,1012,39,1763
2010,8월,경북,1381,37,2233
2010,8월,경남,1239,29,1939
2010,8월,제주,344,16,548
2010,9월,서울,3580,37,5266
2010,9월,부산,1122,7,1616
2010,9월,대구,1280,18,1882
2010,9월,인천,852,16,1265
2010,9월,광주,783,18,1313
2010,9월,대전,461,10,712
2010,9월,울산,394,4,562
2010,9월,경기,3696,84,5880
2010,9월,강원,819,21,1411
2010,9월,충북,747,15,1318
2010,9월,충남,834,41,1496
2010,9월,전북,987,39,1601
2010,9월,전남,996,42,1743
2010,9월,경북,1500,48,2376
2010,9월,경남,1118,29,1641
2010,9월,제주,270,7,388
2010,10월,서울,3930,52,5714
2010,10월,부산,1256,33,1830
2010,10월,대구,1321,23,1945
2010,10월,인천,934,21,1420
2010,10월,광주,846,8,1412
2010,10월,대전,528,9,780
2010,10월,울산,467,9,710
2010,10월,경기,3994,116,6288
2010,10월,강원,878,37,1584
2010,10월,충북,884,34,1405
2010,10월,충남,964,68,1549
2010,10월,전북,1135,46,1776
2010,10월,전남,1059,41,1792
2010,10월,경북,1638,64,2560
2010,10월,경남,1413,54,2051
2010,10월,제주,328,4,466
2010,11월,서울,3555,40,4988
2010,11월,부산,1215,15,1723
2010,11월,대구,1289,21,1902
2010,11월,인천,906,22,1284
2010,11월,광주,755,11,1221
2010,11월,대전,513,9,733
2010,11월,울산,441,9,645
2010,11월,경기,3971,103,6234
2010,11월,강원,883,22,1459
2010,11월,충북,788,34,1324
2010,11월,충남,896,54,1456
2010,11월,전북,965,40,1464
2010,11월,전남,934,33,1549
2010,11월,경북,1527,60,2460
2010,11월,경남,1305,58,1965
2010,11월,제주,328,10,500
2010,12월,서울,3321,41,4794
2010,12월,부산,1181,26,1656
2010,12월,대구,1264,13,1832
2010,12월,인천,865,14,1349
2010,12월,광주,734,10,1180
2010,12월,대전,484,7,796
2010,12월,울산,468,9,652
2010,12월,경기,3846,86,6050
2010,12월,강원,740,25,1208
2010,12월,충북,676,15,1127
2010,12월,충남,714,44,1198
2010,12월,전북,883,41,1481
2010,12월,전남,897,44,1478
2010,12월,경북,1338,63,2118
2010,12월,경남,1120,44,1847
2010,12월,제주,318,8,428
2011,전체,서울,40451,435,57625
2011,전체,부산,13893,227,19816
2011,전체,대구,14679,162,21479
2011,전체,인천,10096,163,15418
2011,전체,광주,8328,113,13467
2011,전체,대전,6062,114,9172
2011,전체,울산,4913,106,7400
2011,전체,경기,43655,990,69141
2011,전체,강원,9206,263,15630
2011,전체,충북,8696,265,14178
2011,전체,충남,8833,444,14612
2011,전체,전북,10194,350,16514
2011,전체,전남,10070,412,16991
2011,전체,경북,15315,598,23773
2011,전체,경남,13861,481,21067
2011,전체,제주,3459,106,5108
2011,1월,서울,3038,36,4429
2011,1월,부산,1003,15,1441
2011,1월,대구,1071,20,1528
2011,1월,인천,872,18,1347
2011,1월,광주,595,9,983
2011,1월,대전,432,8,682
2011,1월,울산,363,7,564
2011,1월,경기,3666,109,5930
2011,1월,강원,614,9,1057
2011,1월,충북,605,14,976
2011,1월,충남,610,34,1003
2011,1월,전북,715,21,1148
2011,1월,전남,696,26,1226
2011,1월,경북,979,32,1503
2011,1월,경남,965,33,1441
2011,1월,제주,230,4,353
2011,2월,서울,2573,32,3734
2011,2월,부산,938,17,1308
2011,2월,대구,954,5,1369
2011,2월,인천,645,16,1085
2011,2월,광주,529,5,895
2011,2월,대전,436,8,693
2011,2월,울산,274,3,418
2011,2월,경기,2806,68,4590
2011,2월,강원,580,18,1012
2011,2월,충북,512,13,844
2011,2월,충남,578,31,1005
2011,2월,전북,650,20,1043
2011,2월,전남,633,22,1105
2011,2월,경북,966,41,1563
2011,2월,경남,902,34,1484
2011,2월,제주,232,6,345
2011,3월,서울,3126,20,4513
2011,3월,부산,1085,21,1477
2011,3월,대구,1154,14,1657
2011,3월,인천,773,12,1135
2011,3월,광주,689,13,1098
2011,3월,대전,475,15,680
2011,3월,울산,367,8,562
2011,3월,경기,3354,50,5225
2011,3월,강원,661,21,1099
2011,3월,충북,608,15,996
2011,3월,충남,664,31,1006
2011,3월,전북,788,26,1240
2011,3월,전남,752,24,1180
2011,3월,경북,1088,37,1690
2011,3월,경남,1022,29,1457
2011,3월,제주,226,2,356
2011,4월,서울,3450,44,4905
2011,4월,부산,1233,18,1802
2011,4월,대구,1269,12,1827
2011,4월,인천,833,11,1297
2011,4월,광주,731,5,1217
2011,4월,대전,542,6,759
2011,4월,울산,418,8,607
2011,4월,경기,3591,94,5607
2011,4월,강원,658,23,1065
2011,4월,충북,696,18,1102
2011,4월,충남,746,29,1249
2011,4월,전북,826,24,1402
2011,4월,전남,827,37,1415
2011,4월,경북,1266,46,2028
2011,4월,경남,1183,41,1826
2011,4월,제주,301,13,426
2011,5월,서울,3603,36,5036
2011,5월,부산,1244,15,1813
2011,5월,대구,1270,9,1848
2011,5월,인천,873,10,1316
2011,5월,광주,739,4,1189
2011,5월,대전,507,10,792
2011,5월,울산,392,5,575
2011,5월,경기,3737,75,6012
2011,5월,강원,792,21,1326
2011,5월,충북,757,28,1246
2011,5월,충남,805,23,1420
2011,5월,전북,933,22,1453
2011,5월,전남,889,34,1530
2011,5월,경북,1305,40,1950
2011,5월,경남,1250,48,1927
2011,5월,제주,318,13,473
2011,6월,서울,3390,37,4831
2011,6월,부산,1162,13,1655
2011,6월,대구,1160,15,1760
2011,6월,인천,822,10,1247
2011,6월,광주,687,9,1076
2011,6월,대전,530,11,779
2011,6월,울산,426,8,628
2011,6월,경기,3647,78,5802
2011,6월,강원,742,18,1317
2011,6월,충북,766,19,1166
2011,6월,충남,736,40,1139
2011,6월,전북,856,30,1396
2011,6월,전남,905,27,1611
2011,6월,경북,1301,59,1951
2011,6월,경남,1101,34,1677
2011,6월,제주,274,7,434
2011,7월,서울,3529,36,5067
2011,7월,부산,1207,23,1675
2011,7월,대구,1271,16,1865
2011,7월,인천,892,12,1375
2011,7월,광주,692,12,1099
2011,7월,대전,539,14,795
2011,7월,울산,401,14,598
2011,7월,경기,3753,73,5936
2011,7월,강원,840,32,1365
2011,7월,충북,716,18,1201
2011,7월,충남,780,38,1321
2011,7월,전북,935,36,1526
2011,7월,전남,868,34,1416
2011,7월,경북,1317,48,2016
2011,7월,경남,1235,50,1922
2011,7월,제주,278,6,399
2011,8월,서울,3360,50,4823
2011,8월,부산,1181,20,1739
2011,8월,대구,1211,16,1822
2011,8월,인천,833,11,1284
2011,8월,광주,659,9,1045
2011,8월,대전,514,6,797
2011,8월,울산,382,5,582
2011,8월,경기,3614,91,5839
2011,8월,강원,950,17,1742
2011,8월,충북,782,31,1355
2011,8월,충남,768,33,1367
2011,8월,전북,834,39,1418
2011,8월,전남,866,37,1503
2011,8월,경북,1401,52,2279
2011,8월,경남,1220,45,1969
2011,8월,제주,321,10,470
2011,9월,서울,3433,37,4893
2011,9월,부산,1153,17,1675
2011,9월,대구,1289,13,1886
2011,9월,인천,820,13,1186
2011,9월,광주,719,10,1124
2011,9월,대전,535,7,826
2011,9월,울산,427,11,630
2011,9월,경기,3569,73,5572
2011,9월,강원,830,34,1336
2011,9월,충북,796,25,1279
2011,9월,충남,766,42,1230
2011,9월,전북,939,26,1597
2011,9월,전남,918,48,1511
2011,9월,경북,1406,65,2181
2011,9월,경남,1165,40,1721
2011,9월,제주,300,13,408
2011,10월,서울,3734,25,5244
2011,10월,부산,1255,20,1771
2011,10월,대구,1399,9,2018
2011,10월,인천,939,13,1420
2011,10월,광주,752,14,1242
2011,10월,대전,558,8,861
2011,10월,울산,502,12,789
2011,10월,경기,4047,96,6339
2011,10월,강원,917,35,1654
2011,10월,충북,917,37,1475
2011,10월,충남,873,49,1430
2011,10월,전북,961,40,1458
2011,10월,전남,975,51,1635
2011,10월,경북,1532,67,2397
2011,10월,경남,1283,34,1952
2011,10월,제주,308,10,448
2011,11월,서울,3701,40,5150
2011,11월,부산,1231,24,1754
2011,11월,대구,1281,20,1917
2011,11월,인천,903,19,1374
2011,11월,광주,816,10,1321
2011,11월,대전,521,14,799
2011,11월,울산,483,16,749
2011,11월,경기,3916,82,6133
2011,11월,강원,815,12,1308
2011,11월,충북,823,25,1366
2011,11월,충남,808,55,1288
2011,11월,전북,934,35,1508
2011,11월,전남,942,41,1557
2011,11월,경북,1457,56,2238
2011,11월,경남,1318,56,1930
2011,11월,제주,334,9,525
2011,12월,서울,3514,42,5000
2011,12월,부산,1201,24,1706
2011,12월,대구,1350,13,1982
2011,12월,인천,891,18,1352
2011,12월,광주,720,13,1178
2011,12월,대전,473,7,709
2011,12월,울산,478,9,698
2011,12월,경기,3955,101,6156
2011,12월,강원,807,23,1349
2011,12월,충북,718,22,1172
2011,12월,충남,699,39,1154
2011,12월,전북,823,31,1325
2011,12월,전남,799,31,1302
2011,12월,경북,1297,55,1977
2011,12월,경남,1217,37,1761
2011,12월,제주,337,13,471
2012,전체,서울,40829,424,58583
2012,전체,부산,14733,229,21202
2012,전체,대구,14422,208,20931
2012,전체,인천,9757,201,14754
2012,전체,광주,8600,114,13886
2012,전체,대전,5631,123,8612
2012,전체,울산,4950,111,7483
2012,전체,세종,218,14,337
2012,전체,경기,44763,1039,71026
2012,전체,강원,8958,279,15553
2012,전체,충북,8636,280,14410
2012,전체,충남,8289,422,13731
2012,전체,전북,9948,353,15876
2012,전체,전남,10190,457,17258
2012,전체,경북,15597,569,24172
2012,전체,경남,14266,477,21025
2012,전체,제주,3869,92,5726
2012,1월,서울,2990,35,4415
2012,1월,부산,1086,15,1569
2012,1월,대구,1138,12,1706
2012,1월,인천,757,22,1127
2012,1월,광주,599,4,980
2012,1월,대전,417,6,631
2012,1월,울산,373,13,521
2012,1월,경기,3450,98,5578
2012,1월,강원,772,13,1358
2012,1월,충북,589,26,1008
2012,1월,충남,615,34,1062
2012,1월,전북,734,27,1223
2012,1월,전남,744,26,1204
2012,1월,경북,1184,39,1855
2012,1월,경남,1065,38,1604
2012,1월,제주,305,10,440
2012,2월,서울,3069,40,4516
2012,2월,부산,1085,21,1593
2012,2월,대구,1032,22,1434
2012,2월,인천,752,12,1217
2012,2월,광주,635,4,1014
2012,2월,대전,424,12,610
2012,2월,울산,402,9,627
2012,2월,경기,3705,91,6062
2012,2월,강원,683,23,1199
2012,2월,충북,576,17,993
2012,2월,충남,559,25,946
2012,2월,전북,676,24,1103
2012,2월,전남,686,22,1126
2012,2월,경북,1100,40,1701
2012,2월,경남,1011,28,1493
2012,2월,제주,261,3,364
2012,3월,서울,3356,34,4739
2012,3월,부산,1343,21,1944
2012,3월,대구,1220,15,1812
2012,3월,인천,780,15,1182
2012,3월,광주,720,7,1191
2012,3월,대전,512,7,763
2012,3월,울산,451,8,669
2012,3월,경기,3593,93,5611
2012,3월,강원,653,21,1109
2012,3월,충북,693,20,1105
2012,3월,충남,675,32,1139
2012,3월,전북,830,21,1306
2012,3월,전남,777,37,1326
2012,3월,경북,1259,33,1941
2012,3월,경남,1130,32,1624
2012,3월,제주,263,7,438
2012,4월,서울,3451,34,4960
2012,4월,부산,1325,19,1885
2012,4월,대구,1290,24,1878
2012,4월,인천,838,17,1286
2012,4월,광주,771,11,1203
2012,4월,대전,481,9,751
2012,4월,울산,411,6,631
2012,4월,경기,3829,87,6028
2012,4월,강원,734,22,1192
2012,4월,충북,738,19,1218
2012,4월,충남,785,42,1343
2012,4월,전북,902,30,1413
2012,4월,전남,924,44,1540
2012,4월,경북,1339,59,2034
2012,4월,경남,1234,49,1795
2012,4월,제주,320,11,471
2012,5월,서울,3605,26,4989
2012,5월,부산,1354,22,1902
2012,5월,대구,1336,22,1894
2012,5월,인천,816,13,1311
2012,5월,광주,770,15,1279
2012,5월,대전,439,10,662
2012,5월,울산,380,9,542
2012,5월,경기,3735,82,5871
2012,5월,강원,804,27,1403
2012,5월,충북,764,24,1289
2012,5월,충남,846,49,1392
2012,5월,전북,890,27,1403
2012,5월,전남,951,29,1637
2012,5월,경북,1373,48,2120
2012,5월,경남,1311,34,2016
2012,5월,제주,298,7,453
2012,6월,서울,3555,42,4984
2012,6월,부산,1264,22,1803
2012,6월,대구,1190,15,1683
2012,6월,인천,874,26,1283
2012,6월,광주,714,12,1117
2012,6월,대전,464,14,705
2012,6월,울산,421,6,649
2012,6월,경기,3662,87,5631
2012,6월,강원,710,19,1191
2012,6월,충북,756,28,1235
2012,6월,충남,728,39,1167
2012,6월,전북,793,33,1164
2012,6월,전남,883,46,1456
2012,6월,경북,1328,47,2011
2012,6월,경남,1211,34,1814
2012,6월,제주,301,6,421
2012,7월,서울,3581,38,5024
2012,7월,부산,1317,11,1890
2012,7월,대구,1276,12,1861
2012,7월,인천,828,12,1227
2012,7월,광주,743,8,1171
2012,7월,대전,456,8,712
2012,7월,울산,441,10,658
2012,7월,세종,41,4,70
2012,7월,경기,3792,72,6019
2012,7월,강원,754,24,1335
2012,7월,충북,722,22,1168
2012,7월,충남,661,35,1056
2012,7월,전북,850,30,1327
2012,7월,전남,932,32,1643
2012,7월,경북,1318,51,2026
2012,7월,경남,1284,43,1939
2012,7월,제주,337,4,516
2012,8월,서울,3405,35,4898
2012,8월,부산,1184,19,1717
2012,8월,대구,1131,14,1662
2012,8월,인천,810,16,1205
2012,8월,광주,668,4,1140
2012,8월,대전,458,10,751
2012,8월,울산,380,13,577
2012,8월,세종,38,4,58
2012,8월,경기,3534,75,5742
2012,8월,강원,831,25,1493
2012,8월,충북,722,22,1227
2012,8월,충남,653,21,1056
2012,8월,전북,861,28,1519
2012,8월,전남,866,36,1554
2012,8월,경북,1381,43,2209
2012,8월,경남,1140,35,1723
2012,8월,제주,345,9,520
2012,9월,서울,3480,46,5027
2012,9월,부산,1257,16,1806
2012,9월,대구,1256,24,1830
2012,9월,인천,855,14,1255
2012,9월,광주,762,12,1254
2012,9월,대전,514,6,803
2012,9월,울산,424,11,650
2012,9월,세종,50,3,78
2012,9월,경기,3768,87,5894
2012,9월,강원,745,23,1265
2012,9월,충북,754,29,1287
2012,9월,충남,720,34,1218
2012,9월,전북,878,31,1376
2012,9월,전남,839,46,1386
2012,9월,경북,1342,53,2055
2012,9월,경남,1246,42,1785
2012,9월,제주,344,9,493
2012,10월,서울,3456,28,4874
2012,10월,부산,1243,25,1829
2012,10월,대구,1262,19,1853
2012,10월,인천,849,26,1185
2012,10월,광주,732,11,1140
2012,10월,대전,485,13,752
2012,10월,울산,407,11,604
2012,10월,세종,35,1,57
2012,10월,경기,3753,104,5841
2012,10월,강원,888,30,1535
2012,10월,충북,783,23,1282
2012,10월,충남,731,36,1158
2012,10월,전북,948,45,1490
2012,10월,전남,938,55,1595
2012,10월,경북,1438,59,2224
2012,10월,경남,1240,40,1799
2012,10월,제주,369,7,541
2012,11월,서울,3621,36,5204
2012,11월,부산,1191,22,1669
2012,11월,대구,1270,12,1806
2012,11월,인천,817,17,1220
2012,11월,광주,770,14,1194
2012,11월,대전,525,17,730
2012,11월,울산,433,9,696
2012,11월,세종,29,1,43
2012,11월,경기,4080,82,6418
2012,11월,강원,757,27,1349
2012,11월,충북,832,30,1371
2012,11월,충남,747,39,1220
2012,11월,전북,853,31,1298
2012,11월,전남,882,46,1492
2012,11월,경북,1335,61,2055
2012,11월,경남,1231,50,1755
2012,11월,제주,377,14,534
2012,12월,서울,3260,30,4953
2012,12월,부산,1084,16,1595
2012,12월,대구,1021,17,1512
2012,12월,인천,781,11,1256
2012,12월,광주,716,12,1203
2012,12월,대전,456,11,742
2012,12월,울산,427,6,659
2012,12월,세종,25,1,31
2012,12월,경기,3862,81,6331
2012,12월,강원,627,25,1124
2012,12월,충북,707,20,1227
2012,12월,충남,569,36,974
2012,12월,전북,733,26,1254
2012,12월,전남,768,38,1299
2012,12월,경북,1200,36,1941
2012,12월,경남,1163,52,1678
2012,12월,제주,349,5,535
2013,전체,서울,39439,378,56761
2013,전체,부산,12606,213,17542
2013,전체,대구,13680,165,19713
2013,전체,인천,8990,157,13594
2013,전체,광주,8036,111,13089
2013,전체,대전,5462,92,8234
2013,전체,울산,5022,128,7305
2013,전체,세종,445,21,747
2013,전체,경기,43900,946,68430
2013,전체,강원,8529,240,14505
2013,전체,충북,8501,286,14222
2013,전체,충남,7899,418,12736
2013,전체,전북,9448,360,15017
2013,전체,전남,10077,460,16808
2013,전체,경북,15269,534,23319
2013,전체,경남,13749,476,20274
2013,전체,제주,4302,107,6415
2013,1월,서울,3005,25,4543
2013,1월,부산,910,15,1263
2013,1월,대구,929,11,1373
2013,1월,인천,689,9,1096
2013,1월,광주,599,6,971
2013,1월,대전,402,14,650
2013,1월,울산,377,12,544
2013,1월,세종,21,1,37
2013,1월,경기,3613,91,5746
2013,1월,강원,591,20,1043
2013,1월,충북,639,26,1122
2013,1월,충남,511,28,829
2013,1월,전북,625,29,1013
2013,1월,전남,658,26,1094
2013,1월,경북,1078,40,1667
2013,1월,경남,1049,26,1629
2013,1월,제주,320,10,474
2013,2월,서울,2562,19,3840
2013,2월,부산,797,14,1117
2013,2월,대구,909,13,1353
2013,2월,인천,629,9,966
2013,2월,광주,606,9,1043
2013,2월,대전,336,10,488
2013,2월,울산,372,8,568
2013,2월,세종,27,2,51
2013,2월,경기,3081,80,4991
2013,2월,강원,507,21,880
2013,2월,충북,505,15,871
2013,2월,충남,461,24,761
2013,2월,전북,561,16,899
2013,2월,전남,681,22,1136
2013,2월,경북,999,35,1622
2013,2월,경남,853,24,1267
2013,2월,제주,301,14,402
2013,3월,서울,3311,40,4708
2013,3월,부산,1103,21,1542
2013,3월,대구,1060,11,1497
2013,3월,인천,720,20,1078
2013,3월,광주,667,7,1039
2013,3월,대전,508,5,761
2013,3월,울산,448,7,672
2013,3월,세종,35,3,67
2013,3월,경기,3423,78,5344
2013,3월,강원,622,19,995
2013,3월,충북,655,24,1078
2013,3월,충남,576,24,917
2013,3월,전북,777,25,1323
2013,3월,전남,777,31,1295
2013,3월,경북,1257,44,1919
2013,3월,경남,1192,42,1696
2013,3월,제주,334,8,530
2013,4월,서울,3361,28,4979
2013,4월,부산,1070,8,1504
2013,4월,대구,1162,12,1712
2013,4월,인천,762,7,1189
2013,4월,광주,699,9,1181
2013,4월,대전,481,10,757
2013,4월,울산,443,8,649
2013,4월,세종,36,2,52
2013,4월,경기,3621,63,5727
2013,4월,강원,671,19,1069
2013,4월,충북,666,26,1086
2013,4월,충남,699,30,1136
2013,4월,전북,767,23,1208
2013,4월,전남,815,42,1372
2013,4월,경북,1229,42,1813
2013,4월,경남,1222,40,1829
2013,4월,제주,327,11,532
2013,5월,서울,3643,29,5224
2013,5월,부산,1172,16,1591
2013,5월,대구,1274,10,1797
2013,5월,인천,816,12,1219
2013,5월,광주,698,9,1121
2013,5월,대전,569,6,878
2013,5월,울산,466,8,667
2013,5월,세종,48,3,71
2013,5월,경기,3946,81,6075
2013,5월,강원,736,14,1186
2013,5월,충북,757,26,1277
2013,5월,충남,761,50,1186
2013,5월,전북,835,26,1334
2013,5월,전남,938,46,1597
2013,5월,경북,1369,45,2081
2013,5월,경남,1325,33,1910
2013,5월,제주,333,6,462
2013,6월,서울,3540,35,5040
2013,6월,부산,1079,16,1480
2013,6월,대구,1182,16,1721
2013,6월,인천,770,17,1147
2013,6월,광주,640,8,1070
2013,6월,대전,465,8,674
2013,6월,울산,410,10,599
2013,6월,세종,33,0,65
2013,6월,경기,3580,72,5534
2013,6월,강원,745,15,1250
2013,6월,충북,708,31,1164
2013,6월,충남,760,31,1208
2013,6월,전북,824,29,1260
2013,6월,전남,825,35,1400
2013,6월,경북,1279,53,1895
2013,6월,경남,1139,50,1659
2013,6월,제주,350,10,507
2013,7월,서울,3304,32,4870
2013,7월,부산,1129,22,1593
2013,7월,대구,1253,17,1814
2013,7월,인천,791,13,1214
2013,7월,광주,599,12,924
2013,7월,대전,440,5,676
2013,7월,울산,452,10,671
2013,7월,세종,36,2,59
2013,7월,경기,3680,77,5810
2013,7월,강원,769,16,1395
2013,7월,충북,706,25,1155
2013,7월,충남,692,37,1106
2013,7월,전북,828,32,1286
2013,7월,전남,867,48,1411
2013,7월,경북,1305,41,2051
2013,7월,경남,1186,48,1731
2013,7월,제주,404,7,621
2013,8월,서울,3274,24,4616
2013,8월,부산,1106,18,1599
2013,8월,대구,1172,11,1646
2013,8월,인천,747,12,1112
2013,8월,광주,709,8,1172
2013,8월,대전,468,7,727
2013,8월,울산,409,6,607
2013,8월,세종,34,3,58
2013,8월,경기,3721,85,5915
2013,8월,강원,849,16,1637
2013,8월,충북,801,23,1394
2013,8월,충남,679,39,1117
2013,8월,전북,815,27,1374
2013,8월,전남,924,41,1577
2013,8월,경북,1395,47,2183
2013,8월,경남,1180,41,1835
2013,8월,제주,408,4,621
2013,9월,서울,3265,32,4483
2013,9월,부산,993,22,1388
2013,9월,대구,1091,7,1602
2013,9월,인천,742,12,1181
2013,9월,광주,677,5,1063
2013,9월,대전,422,6,600
2013,9월,울산,381,10,550
2013,9월,세종,51,0,97
2013,9월,경기,3582,81,5435
2013,9월,강원,678,28,1110
2013,9월,충북,732,28,1242
2013,9월,충남,674,30,1144
2013,9월,전북,835,41,1297
2013,9월,전남,916,47,1522
2013,9월,경북,1283,46,1993
2013,9월,경남,1132,26,1711
2013,9월,제주,352,9,520
2013,10월,서울,3586,38,5081
2013,10월,부산,1074,17,1480
2013,10월,대구,1274,16,1789
2013,10월,인천,828,16,1187
2013,10월,광주,724,11,1141
2013,10월,대전,455,9,664
2013,10월,울산,440,11,625
2013,10월,세종,36,2,62
2013,10월,경기,4099,89,6291
2013,10월,강원,824,24,1383
2013,10월,충북,827,33,1351
2013,10월,충남,739,38,1221
2013,10월,전북,890,44,1348
2013,10월,전남,974,40,1507
2013,10월,경북,1469,48,2124
2013,10월,경남,1184,53,1672
2013,10월,제주,374,10,581
2013,11월,서울,3472,35,4836
2013,11월,부산,1088,23,1465
2013,11월,대구,1246,16,1797
2013,11월,인천,789,17,1134
2013,11월,광주,712,16,1210
2013,11월,대전,494,7,700
2013,11월,울산,404,23,517
2013,11월,세종,36,3,51
2013,11월,경기,3900,68,5842
2013,11월,강원,819,19,1322
2013,11월,충북,810,19,1344
2013,11월,충남,755,48,1194
2013,11월,전북,901,38,1426
2013,11월,전남,932,41,1585
2013,11월,경북,1432,51,2228
2013,11월,경남,1204,47,1757
2013,11월,제주,402,8,578
2013,12월,서울,3116,41,4541
2013,12월,부산,1085,21,1520
2013,12월,대구,1128,25,1612
2013,12월,인천,707,13,1071
2013,12월,광주,706,11,1154
2013,12월,대전,422,5,659
2013,12월,울산,420,15,636
2013,12월,세종,52,0,77
2013,12월,경기,3654,81,5720
2013,12월,강원,718,29,1235
2013,12월,충북,695,10,1138
2013,12월,충남,592,39,917
2013,12월,전북,790,30,1249
2013,12월,전남,770,41,1312
2013,12월,경북,1174,42,1743
2013,12월,경남,1083,46,1578
2013,12월,제주,397,10,587
2014,전체,서울,40792,400,57345
2014,전체,부산,12693,168,18030
2014,전체,대구,14519,185,20814
2014,전체,인천,8846,149,13420
2014,전체,광주,8194,101,13289
2014,전체,대전,5899,100,8893
2014,전체,울산,5180,108,7587
2014,전체,세종,482,20,850
2014,전체,경기,48112,910,73844
2014,전체,강원,8605,223,14322
2014,전체,충북,8937,253,14759
2014,전체,충남,8360,405,12901
2014,전체,전북,9569,335,15127
2014,전체,전남,10100,417,16593
2014,전체,경북,15346,480,23496
2014,전체,경남,13434,416,19571
2014,전체,제주,4484,92,6656
2014,1월,서울,2687,30,3880
2014,1월,부산,959,21,1333
2014,1월,대구,1026,11,1504
2014,1월,인천,643,10,973
2014,1월,광주,597,8,955
2014,1월,대전,372,11,568
2014,1월,울산,335,12,484
2014,1월,세종,24,1,37
2014,1월,경기,3487,75,5415
2014,1월,강원,670,19,1183
2014,1월,충북,645,24,1064
2014,1월,충남,542,21,854
2014,1월,전북,665,21,1081
2014,1월,전남,700,35,1172
2014,1월,경북,1184,50,1859
2014,1월,경남,994,32,1414
2014,1월,제주,375,8,552
2014,2월,서울,2566,27,3624
2014,2월,부산,926,11,1308
2014,2월,대구,937,10,1368
2014,2월,인천,576,7,908
2014,2월,광주,536,9,881
2014,2월,대전,313,9,477
2014,2월,울산,324,4,489
2014,2월,세종,29,3,67
2014,2월,경기,3033,72,4738
2014,2월,강원,521,11,937
2014,2월,충북,503,13,854
2014,2월,충남,446,26,707
2014,2월,전북,579,21,896
2014,2월,전남,575,30,964
2014,2월,경북,1018,37,1548
2014,2월,경남,880,24,1266
2014,2월,제주,299,11,469
2014,3월,서울,3335,32,4624
2014,3월,부산,1161,14,1732
2014,3월,대구,1274,18,1815
2014,3월,인천,738,12,1148
2014,3월,광주,725,8,1175
2014,3월,대전,454,7,705
2014,3월,울산,391,12,578
2014,3월,세종,37,1,68
2014,3월,경기,3839,64,5860
2014,3월,강원,624,17,933
2014,3월,충북,691,16,1112
2014,3월,충남,645,35,1044
2014,3월,전북,789,20,1302
2014,3월,전남,866,30,1369
2014,3월,경북,1308,37,1967
2014,3월,경남,1198,28,1749
2014,3월,제주,345,7,533
2014,4월,서울,3316,39,4583
2014,4월,부산,1088,11,1556
2014,4월,대구,1265,15,1720
2014,4월,인천,790,10,1156
2014,4월,광주,714,4,1127
2014,4월,대전,436,7,654
2014,4월,울산,452,7,634
2014,4월,세종,46,1,91
2014,4월,경기,3924,65,6103
2014,4월,강원,670,18,990
2014,4월,충북,729,22,1103
2014,4월,충남,664,27,989
2014,4월,전북,785,20,1243
2014,4월,전남,822,28,1253
2014,4월,경북,1309,23,1966
2014,4월,경남,1074,37,1608
2014,4월,제주,359,7,547
2014,5월,서울,3628,42,5066
2014,5월,부산,1149,8,1626
2014,5월,대구,1327,15,1919
2014,5월,인천,804,12,1235
2014,5월,광주,724,6,1174
2014,5월,대전,516,8,783
2014,5월,울산,442,3,672
2014,5월,세종,44,1,82
2014,5월,경기,4234,78,6499
2014,5월,강원,824,15,1366
2014,5월,충북,852,20,1367
2014,5월,충남,867,36,1324
2014,5월,전북,947,38,1514
2014,5월,전남,964,35,1611
2014,5월,경북,1431,42,2198
2014,5월,경남,1198,34,1713
2014,5월,제주,363,5,535
2014,6월,서울,3576,33,5124
2014,6월,부산,1035,10,1458
2014,6월,대구,1119,12,1625
2014,6월,인천,718,14,1130
2014,6월,광주,637,5,979
2014,6월,대전,487,9,750
2014,6월,울산,434,9,620
2014,6월,세종,37,1,55
2014,6월,경기,3891,57,5808
2014,6월,강원,710,23,1235
2014,6월,충북,764,20,1266
2014,6월,충남,674,30,961
2014,6월,전북,775,29,1199
2014,6월,전남,874,40,1378
2014,6월,경북,1283,38,1881
2014,6월,경남,1126,34,1684
2014,6월,제주,390,3,587
2014,7월,서울,3752,32,5158
2014,7월,부산,1147,17,1566
2014,7월,대구,1289,13,1808
2014,7월,인천,733,11,1105
2014,7월,광주,713,15,1126
2014,7월,대전,520,7,792
2014,7월,울산,479,5,696
2014,7월,세종,40,3,62
2014,7월,경기,4272,100,6521
2014,7월,강원,781,21,1333
2014,7월,충북,779,20,1275
2014,7월,충남,756,31,1275
2014,7월,전북,792,22,1238
2014,7월,전남,877,29,1438
2014,7월,경북,1253,46,1969
2014,7월,경남,1121,26,1712
2014,7월,제주,345,9,522
2014,8월,서울,3544,27,4996
2014,8월,부산,1096,12,1594
2014,8월,대구,1282,14,1926
2014,8월,인천,751,9,1165
2014,8월,광주,697,8,1170
2014,8월,대전,552,8,788
2014,8월,울산,433,10,662
2014,8월,세종,54,1,102
2014,8월,경기,4200,67,6747
2014,8월,강원,870,14,1573
2014,8월,충북,790,24,1377
2014,8월,충남,786,32,1237
2014,8월,전북,819,21,1341
2014,8월,전남,866,34,1492
2014,8월,경북,1316,34,2101
2014,8월,경남,1156,33,1766
2014,8월,제주,391,11,596
2014,9월,서울,3482,35,4827
2014,9월,부산,985,15,1443
2014,9월,대구,1208,17,1741
2014,9월,인천,754,18,1093
2014,9월,광주,704,8,1183
2014,9월,대전,581,8,875
2014,9월,울산,422,10,630
2014,9월,세종,36,1,57
2014,9월,경기,4167,67,6359
2014,9월,강원,728,21,1190
2014,9월,충북,815,30,1346
2014,9월,충남,775,44,1180
2014,9월,전북,911,34,1465
2014,9월,전남,872,40,1501
2014,9월,경북,1298,46,2046
2014,9월,경남,1143,46,1629
2014,9월,제주,362,5,487
2014,10월,서울,3698,40,5260
2014,10월,부산,1109,17,1546
2014,10월,대구,1337,15,1874
2014,10월,인천,778,17,1171
2014,10월,광주,752,11,1257
2014,10월,대전,604,8,926
2014,10월,울산,530,10,752
2014,10월,세종,49,4,86
2014,10월,경기,4423,78,6710
2014,10월,강원,842,23,1420
2014,10월,충북,828,18,1465
2014,10월,충남,797,43,1228
2014,10월,전북,939,46,1430
2014,10월,전남,938,37,1475
2014,10월,경북,1420,56,2155
2014,10월,경남,1274,36,1823
2014,10월,제주,442,11,621
2014,11월,서울,3656,28,5091
2014,11월,부산,1027,20,1433
2014,11월,대구,1276,21,1837
2014,11월,인천,774,18,1162
2014,11월,광주,698,11,1129
2014,11월,대전,583,10,875
2014,11월,울산,488,11,728
2014,11월,세종,47,2,64
2014,11월,경기,4341,97,6450
2014,11월,강원,712,24,1157
2014,11월,충북,817,26,1355
2014,11월,충남,791,45,1184
2014,11월,전북,867,28,1313
2014,11월,전남,912,39,1489
2014,11월,경북,1341,41,2034
2014,11월,경남,1139,44,1624
2014,11월,제주,403,11,600
2014,12월,서울,3552,35,5112
2014,12월,부산,1011,12,1435
2014,12월,대구,1179,24,1677
2014,12월,인천,787,11,1174
2014,12월,광주,697,8,1133
2014,12월,대전,481,8,700
2014,12월,울산,450,15,642
2014,12월,세종,39,1,79
2014,12월,경기,4301,90,6634
2014,12월,강원,653,17,1005
2014,12월,충북,724,20,1175
2014,12월,충남,617,35,918
2014,12월,전북,701,35,1105
2014,12월,전남,834,40,1451
2014,12월,경북,1185,30,1772
2014,12월,경남,1131,42,1583
2014,12월,제주,410,4,607
2015,전체,서울,41665,376,58656
2015,전체,부산,12757,178,17884
2015,전체,대구,14228,161,20433
2015,전체,인천,8727,136,13124
2015,전체,광주,7864,97,12596
2015,전체,대전,6901,97,10413
2015,전체,울산,5368,94,7943
2015,전체,세종,536,19,887
2015,전체,경기,52954,880,81763
2015,전체,강원,8912,239,14987
2015,전체,충북,9335,238,14927
2015,전체,충남,9421,382,14515
2015,전체,전북,8873,308,14089
2015,전체,전남,10420,410,17020
2015,전체,경북,15752,507,23880
2015,전체,경남,13677,406,20141
2015,전체,제주,4645,93,7142
2015,1월,서울,2967,38,4378
2015,1월,부산,1014,8,1506
2015,1월,대구,1106,17,1571
2015,1월,인천,631,12,995
2015,1월,광주,627,11,932
2015,1월,대전,469,12,707
2015,1월,울산,438,11,622
2015,1월,세종,33,3,59
2015,1월,경기,3737,73,5815
2015,1월,강원,620,21,1106
2015,1월,충북,633,20,1003
2015,1월,충남,628,29,1027
2015,1월,전북,648,15,1024
2015,1월,전남,773,40,1269
2015,1월,경북,1121,40,1745
2015,1월,경남,1069,23,1561
2015,1월,제주,388,8,567
2015,2월,서울,2682,26,3884
2015,2월,부산,853,12,1191
2015,2월,대구,986,11,1452
2015,2월,인천,601,12,1048
2015,2월,광주,520,6,894
2015,2월,대전,356,9,505
2015,2월,울산,354,8,543
2015,2월,세종,31,0,56
2015,2월,경기,3297,41,5105
2015,2월,강원,531,14,881
2015,2월,충북,595,16,978
2015,2월,충남,611,34,986
2015,2월,전북,574,16,932
2015,2월,전남,718,24,1203
2015,2월,경북,995,36,1491
2015,2월,경남,946,22,1373
2015,2월,제주,289,9,477
2015,3월,서울,3384,29,4803
2015,3월,부산,1064,10,1500
2015,3월,대구,1148,18,1622
2015,3월,인천,728,12,1078
2015,3월,광주,668,7,1181
2015,3월,대전,517,7,770
2015,3월,울산,400,6,575
2015,3월,세종,37,1,65
2015,3월,경기,4148,80,6364
2015,3월,강원,634,16,1007
2015,3월,충북,711,11,1099
2015,3월,충남,782,33,1129
2015,3월,전북,737,31,1172
2015,3월,전남,820,34,1291
2015,3월,경북,1291,44,1940
2015,3월,경남,1195,33,1780
2015,3월,제주,352,6,545
2015,4월,서울,3506,27,4956
2015,4월,부산,1110,17,1596
2015,4월,대구,1169,15,1707
2015,4월,인천,695,9,1013
2015,4월,광주,676,7,1051
2015,4월,대전,566,3,849
2015,4월,울산,441,9,678
2015,4월,세종,47,1,94
2015,4월,경기,4415,70,6935
2015,4월,강원,707,29,1205
2015,4월,충북,778,19,1237
2015,4월,충남,763,31,1217
2015,4월,전북,767,27,1183
2015,4월,전남,907,34,1462
2015,4월,경북,1298,33,1921
2015,4월,경남,1149,19,1727
2015,4월,제주,392,4,600
2015,5월,서울,3669,31,5085
2015,5월,부산,1133,16,1613
2015,5월,대구,1306,13,1872
2015,5월,인천,826,5,1269
2015,5월,광주,693,9,1118
2015,5월,대전,586,10,905
2015,5월,울산,442,9,662
2015,5월,세종,61,1,95
2015,5월,경기,4577,83,7086
2015,5월,강원,790,15,1383
2015,5월,충북,827,14,1389
2015,5월,충남,876,31,1378
2015,5월,전북,826,28,1318
2015,5월,전남,916,37,1518
2015,5월,경북,1435,39,2180
2015,5월,경남,1189,41,1806
2015,5월,제주,391,7,587
2015,6월,서울,3390,27,4742
2015,6월,부산,1019,19,1385
2015,6월,대구,1129,7,1627
2015,6월,인천,713,13,995
2015,6월,광주,591,3,913
2015,6월,대전,519,10,776
2015,6월,울산,459,9,675
2015,6월,세종,55,2,89
2015,6월,경기,4141,74,6251
2015,6월,강원,687,17,1143
2015,6월,충북,739,14,1146
2015,6월,충남,815,38,1173
2015,6월,전북,727,27,1117
2015,6월,전남,914,36,1396
2015,6월,경북,1244,44,1859
2015,6월,경남,1128,43,1604
2015,6월,제주,379,7,578
2015,7월,서울,3647,26,5080
2015,7월,부산,1082,18,1519
2015,7월,대구,1298,18,1898
2015,7월,인천,737,10,1129
2015,7월,광주,692,7,1112
2015,7월,대전,652,5,984
2015,7월,울산,502,8,695
2015,7월,세종,55,3,96
2015,7월,경기,4583,58,6898
2015,7월,강원,821,17,1356
2015,7월,충북,824,23,1244
2015,7월,충남,820,33,1244
2015,7월,전북,772,28,1246
2015,7월,전남,857,27,1427
2015,7월,경북,1353,50,2035
2015,7월,경남,1183,21,1812
2015,7월,제주,400,7,634
2015,8월,서울,3567,23,4957
2015,8월,부산,1089,20,1529
2015,8월,대구,1141,9,1615
2015,8월,인천,746,13,1136
2015,8월,광주,595,6,944
2015,8월,대전,606,6,886
2015,8월,울산,450,4,689
2015,8월,세종,41,5,61
2015,8월,경기,4586,92,7373
2015,8월,강원,881,24,1546
2015,8월,충북,796,17,1291
2015,8월,충남,783,33,1226
2015,8월,전북,733,35,1186
2015,8월,전남,908,33,1575
2015,8월,경북,1418,36,2224
2015,8월,경남,1099,39,1680
2015,8월,제주,425,10,700
2015,9월,서울,3711,35,5203
2015,9월,부산,1080,16,1507
2015,9월,대구,1223,11,1707
2015,9월,인천,687,11,1028
2015,9월,광주,696,12,1105
2015,9월,대전,647,6,1005
2015,9월,울산,458,10,637
2015,9월,세종,42,0,68
2015,9월,경기,4898,67,7449
2015,9월,강원,815,22,1380
2015,9월,충북,832,32,1311
2015,9월,충남,883,21,1386
2015,9월,전북,812,26,1301
2015,9월,전남,978,22,1628
2015,9월,경북,1427,35,2181
2015,9월,경남,1238,51,1794
2015,9월,제주,384,10,566
2015,10월,서울,3820,36,5382
2015,10월,부산,1140,9,1592
2015,10월,대구,1276,16,1783
2015,10월,인천,810,15,1143
2015,10월,광주,707,10,1132
2015,10월,대전,659,10,961
2015,10월,울산,486,7,753
2015,10월,세종,46,2,63
2015,10월,경기,5000,83,7783
2015,10월,강원,824,25,1378
2015,10월,충북,909,32,1440
2015,10월,충남,910,36,1414
2015,10월,전북,806,26,1236
2015,10월,전남,943,47,1537
2015,10월,경북,1567,62,2373
2015,10월,경남,1233,48,1747
2015,10월,제주,451,6,719
2015,11월,서울,3794,41,5315
2015,11월,부산,1132,19,1564
2015,11월,대구,1280,12,1865
2015,11월,인천,814,9,1180
2015,11월,광주,732,10,1150
2015,11월,대전,689,15,1052
2015,11월,울산,497,5,755
2015,11월,세종,50,0,74
2015,11월,경기,5117,74,7842
2015,11월,강원,861,23,1347
2015,11월,충북,905,17,1532
2015,11월,충남,800,30,1244
2015,11월,전북,787,26,1229
2015,11월,전남,842,37,1367
2015,11월,경북,1327,51,2024
2015,11월,경남,1150,33,1655
2015,11월,제주,393,8,578
2015,12월,서울,3528,37,4871
2015,12월,부산,1041,14,1382
2015,12월,대구,1166,14,1714
2015,12월,인천,739,15,1110
2015,12월,광주,667,9,1064
2015,12월,대전,635,4,1013
2015,12월,울산,441,8,659
2015,12월,세종,38,1,67
2015,12월,경기,4455,85,6862
2015,12월,강원,741,16,1255
2015,12월,충북,786,23,1257
2015,12월,충남,750,33,1091
2015,12월,전북,684,23,1145
2015,12월,전남,844,39,1347
2015,12월,경북,1276,37,1907
2015,12월,경남,1098,33,1602
2015,12월,제주,401,11,591
2016,전체,서울,40039,348,55669
2016,전체,부산,12192,159,16738
2016,전체,대구,13098,164,18779
2016,전체,인천,8535,144,12635
2016,전체,광주,7354,85,11966
2016,전체,대전,7535,99,11315
2016,전체,울산,4496,81,6740
2016,전체,세종,521,25,792
2016,전체,경기,51013,780,78504
2016,전체,강원,8841,219,14859
2016,전체,충북,9392,231,15144
2016,전체,충남,8962,388,13298
2016,전체,전북,7850,284,12261
2016,전체,전남,9504,337,15511
2016,전체,경북,14629,495,22367
2016,전체,경남,12522,373,18257
2016,전체,제주,4434,80,6885
2016,1월,서울,3060,29,4323
2016,1월,부산,1006,10,1416
2016,1월,대구,1074,16,1519
2016,1월,인천,744,14,1149
2016,1월,광주,552,7,916
2016,1월,대전,584,7,904
2016,1월,울산,373,4,571
2016,1월,세종,43,2,87
2016,1월,경기,4264,55,6896
2016,1월,강원,662,20,1101
2016,1월,충북,656,16,1027
2016,1월,충남,592,32,870
2016,1월,전북,529,22,926
2016,1월,전남,622,30,1116
2016,1월,경북,1039,43,1619
2016,1월,경남,998,26,1445
2016,1월,제주,269,3,438
2016,2월,서울,2710,34,3776
2016,2월,부산,917,10,1247
2016,2월,대구,882,8,1330
2016,2월,인천,632,10,952
2016,2월,광주,566,4,976
2016,2월,대전,535,7,806
2016,2월,울산,356,3,501
2016,2월,세종,34,2,48
2016,2월,경기,3768,57,6052
2016,2월,강원,612,14,1075
2016,2월,충북,650,11,1088
2016,2월,충남,599,18,877
2016,2월,전북,533,17,825
2016,2월,전남,630,20,1046
2016,2월,경북,973,34,1580
2016,2월,경남,938,37,1343
2016,2월,제주,329,6,499
2016,3월,서울,3355,28,4593
2016,3월,부산,1006,8,1330
2016,3월,대구,1147,18,1618
2016,3월,인천,694,9,975
2016,3월,광주,615,6,1011
2016,3월,대전,598,7,913
2016,3월,울산,390,5,562
2016,3월,세종,46,3,70
2016,3월,경기,4015,48,6185
2016,3월,강원,663,13,1037
2016,3월,충북,730,13,1141
2016,3월,충남,699,27,997
2016,3월,전북,616,18,959
2016,3월,전남,747,35,1191
2016,3월,경북,1188,43,1851
2016,3월,경남,1074,25,1588
2016,3월,제주,363,4,588
2016,4월,서울,3498,30,4902
2016,4월,부산,1046,11,1423
2016,4월,대구,1134,9,1573
2016,4월,인천,766,8,1220
2016,4월,광주,660,6,1051
2016,4월,대전,648,5,1009
2016,4월,울산,437,9,647
2016,4월,세종,43,0,52
2016,4월,경기,4405,78,6741
2016,4월,강원,734,12,1221
2016,4월,충북,838,26,1291
2016,4월,충남,832,37,1261
2016,4월,전북,700,28,1069
2016,4월,전남,797,27,1341
2016,4월,경북,1340,36,2037
2016,4월,경남,1185,22,1758
2016,4월,제주,389,9,620
2016,5월,서울,3604,29,4854
2016,5월,부산,1066,12,1450
2016,5월,대구,1193,13,1719
2016,5월,인천,754,21,1140
2016,5월,광주,610,4,964
2016,5월,대전,638,5,974
2016,5월,울산,386,4,588
2016,5월,세종,44,3,62
2016,5월,경기,4489,71,6845
2016,5월,강원,754,14,1276
2016,5월,충북,824,21,1278
2016,5월,충남,823,36,1246
2016,5월,전북,746,25,1200
2016,5월,전남,898,26,1434
2016,5월,경북,1327,30,2094
2016,5월,경남,1059,30,1539
2016,5월,제주,339,3,509
2016,6월,서울,3315,21,4564
2016,6월,부산,989,8,1370
2016,6월,대구,1051,12,1517
2016,6월,인천,650,9,937
2016,6월,광주,597,9,987
2016,6월,대전,623,9,872
2016,6월,울산,365,7,558
2016,6월,세종,46,2,77
2016,6월,경기,4082,66,6186
2016,6월,강원,707,23,1186
2016,6월,충북,782,16,1262
2016,6월,충남,732,28,1062
2016,6월,전북,641,21,1008
2016,6월,전남,778,22,1210
2016,6월,경북,1217,35,1807
2016,6월,경남,1047,29,1493
2016,6월,제주,355,4,572
2016,7월,서울,3467,29,4796
2016,7월,부산,1040,17,1448
2016,7월,대구,1092,11,1573
2016,7월,인천,708,10,1061
2016,7월,광주,627,5,1016
2016,7월,대전,615,9,930
2016,7월,울산,389,4,555
2016,7월,세종,41,1,63
2016,7월,경기,4303,63,6505
2016,7월,강원,799,35,1405
2016,7월,충북,808,26,1312
2016,7월,충남,768,27,1199
2016,7월,전북,705,20,1128
2016,7월,전남,847,26,1387
2016,7월,경북,1261,47,1959
2016,7월,경남,1048,25,1580
2016,7월,제주,437,3,669
2016,8월,서울,3268,18,4619
2016,8월,부산,974,19,1366
2016,8월,대구,1030,8,1521
2016,8월,인천,690,8,1031
2016,8월,광주,620,3,1034
2016,8월,대전,631,7,878
2016,8월,울산,364,6,552
2016,8월,세종,46,3,66
2016,8월,경기,4128,51,6431
2016,8월,강원,845,19,1476
2016,8월,충북,819,16,1379
2016,8월,충남,734,38,1098
2016,8월,전북,693,28,1014
2016,8월,전남,845,29,1402
2016,8월,경북,1259,38,1932
2016,8월,경남,1055,35,1592
2016,8월,제주,397,10,626
2016,9월,서울,3328,31,4596
2016,9월,부산,1010,15,1384
2016,9월,대구,1095,20,1568
2016,9월,인천,648,15,931
2016,9월,광주,567,13,988
2016,9월,대전,619,11,922
2016,9월,울산,350,8,549
2016,9월,세종,45,2,67
2016,9월,경기,3991,64,6038
2016,9월,강원,701,15,1165
2016,9월,충북,775,22,1259
2016,9월,충남,711,38,1058
2016,9월,전북,665,25,1028
2016,9월,전남,827,28,1359
2016,9월,경북,1234,38,1875
2016,9월,경남,982,25,1431
2016,9월,제주,335,5,543
2016,10월,서울,3652,39,5114
2016,10월,부산,985,16,1354
2016,10월,대구,1147,15,1603
2016,10월,인천,811,19,1148
2016,10월,광주,651,9,1029
2016,10월,대전,684,5,1058
2016,10월,울산,358,13,549
2016,10월,세종,37,2,64
2016,10월,경기,4640,73,7050
2016,10월,강원,829,21,1380
2016,10월,충북,907,28,1435
2016,10월,충남,853,33,1259
2016,10월,전북,700,25,1100
2016,10월,전남,877,42,1386
2016,10월,경북,1319,50,1960
2016,10월,경남,1065,36,1551
2016,10월,제주,403,14,595
2016,11월,서울,3331,32,4538
2016,11월,부산,1078,19,1491
2016,11월,대구,1108,14,1606
2016,11월,인천,732,10,1043
2016,11월,광주,656,8,1035
2016,11월,대전,699,18,1078
2016,11월,울산,368,8,576
2016,11월,세종,49,1,71
2016,11월,경기,4440,72,6718
2016,11월,강원,795,11,1271
2016,11월,충북,872,21,1464
2016,11월,충남,842,37,1240
2016,11월,전북,685,29,1019
2016,11월,전남,855,30,1375
2016,11월,경북,1289,57,1909
2016,11월,경남,1040,42,1498
2016,11월,제주,395,7,588
2016,12월,서울,3451,28,4994
2016,12월,부산,1075,14,1459
2016,12월,대구,1145,20,1632
2016,12월,인천,706,11,1048
2016,12월,광주,633,11,959
2016,12월,대전,661,9,971
2016,12월,울산,360,10,532
2016,12월,세종,47,4,65
2016,12월,경기,4488,82,6857
2016,12월,강원,740,22,1266
2016,12월,충북,731,15,1208
2016,12월,충남,777,37,1131
2016,12월,전북,637,26,985
2016,12월,전남,781,22,1264
2016,12월,경북,1183,44,1744
2016,12월,경남,1031,41,1439
2016,12월,제주,423,12,638
2017,전체,서울,38625,343,53810
2017,전체,부산,11753,164,16157
2017,전체,대구,12970,148,18553
2017,전체,인천,7719,105,11257
2017,전체,광주,7499,120,11876
2017,전체,대전,7767,86,11798
2017,전체,울산,4265,64,6127
2017,전체,세종,746,18,1107
2017,전체,경기,50627,784,77551
2017,전체,강원,8316,236,13532
2017,전체,충북,9273,230,15136
2017,전체,충남,9241,351,14158
2017,전체,전북,7748,307,11948
2017,전체,전남,9770,387,15672
2017,전체,경북,13896,425,20707
2017,전체,경남,11742,337,16838
2017,전체,제주,4378,80,6602
2017,1월,서울,3166,33,4692
2017,1월,부산,927,14,1287
2017,1월,대구,933,10,1350
2017,1월,인천,655,9,1019
2017,1월,광주,586,10,974
2017,1월,대전,628,5,951
2017,1월,울산,329,6,497
2017,1월,세종,35,2,56
2017,1월,경기,4172,74,6438
2017,1월,강원,718,26,1237
2017,1월,충북,630,13,1026
2017,1월,충남,678,30,1070
2017,1월,전북,541,20,883
2017,1월,전남,741,30,1257
2017,1월,경북,955,30,1503
2017,1월,경남,910,30,1322
2017,1월,제주,366,11,537
2017,2월,서울,2728,26,3883
2017,2월,부산,857,13,1166
2017,2월,대구,982,6,1406
2017,2월,인천,586,8,849
2017,2월,광주,563,10,913
2017,2월,대전,546,6,866
2017,2월,울산,308,7,469
2017,2월,세종,41,2,70
2017,2월,경기,3359,55,5158
2017,2월,강원,499,4,820
2017,2월,충북,570,18,989
2017,2월,충남,567,28,915
2017,2월,전북,544,21,871
2017,2월,전남,598,18,933
2017,2월,경북,961,20,1439
2017,2월,경남,791,27,1071
2017,2월,제주,332,11,505
2017,3월,서울,3098,29,4241
2017,3월,부산,988,12,1393
2017,3월,대구,1049,6,1491
2017,3월,인천,629,9,914
2017,3월,광주,671,11,1086
2017,3월,대전,586,7,895
2017,3월,울산,331,3,474
2017,3월,세종,46,1,83
2017,3월,경기,3805,52,5743
2017,3월,강원,618,13,975
2017,3월,충북,711,16,1120
2017,3월,충남,706,27,997
2017,3월,전북,614,21,882
2017,3월,전남,719,25,1120
2017,3월,경북,1138,36,1689
2017,3월,경남,1016,24,1486
2017,3월,제주,322,3,457
2017,4월,서울,3172,22,4372
2017,4월,부산,955,11,1296
2017,4월,대구,1032,9,1456
2017,4월,인천,669,4,942
2017,4월,광주,602,15,928
2017,4월,대전,597,2,935
2017,4월,울산,370,6,553
2017,4월,세종,64,0,89
2017,4월,경기,4051,60,6253
2017,4월,강원,677,14,1080
2017,4월,충북,711,14,1210
2017,4월,충남,738,22,1192
2017,4월,전북,644,24,1018
2017,4월,전남,847,31,1420
2017,4월,경북,1186,29,1770
2017,4월,경남,1022,26,1460
2017,4월,제주,380,4,556
2017,5월,서울,3284,27,4539
2017,5월,부산,1014,8,1404
2017,5월,대구,1083,16,1482
2017,5월,인천,643,7,932
2017,5월,광주,631,11,941
2017,5월,대전,686,11,1002
2017,5월,울산,353,5,496
2017,5월,세종,62,1,91
2017,5월,경기,4160,57,6316
2017,5월,강원,750,27,1208
2017,5월,충북,840,26,1304
2017,5월,충남,827,35,1236
2017,5월,전북,695,23,1073
2017,5월,전남,900,39,1502
2017,5월,경북,1244,43,1822
2017,5월,경남,1006,25,1465
2017,5월,제주,324,5,455
2017,6월,서울,3247,29,4421
2017,6월,부산,974,10,1359
2017,6월,대구,1117,14,1571
2017,6월,인천,627,7,916
2017,6월,광주,602,9,909
2017,6월,대전,641,8,954
2017,6월,울산,327,4,444
2017,6월,세종,53,1,66
2017,6월,경기,4197,58,6342
2017,6월,강원,680,16,1102
2017,6월,충북,779,20,1258
2017,6월,충남,822,28,1206
2017,6월,전북,676,16,1008
2017,6월,전남,798,22,1291
2017,6월,경북,1166,41,1683
2017,6월,경남,977,24,1353
2017,6월,제주,364,8,571
2017,7월,서울,3268,31,4577
2017,7월,부산,1029,8,1436
2017,7월,대구,1076,13,1545
2017,7월,인천,681,8,999
2017,7월,광주,587,6,940
2017,7월,대전,658,4,1028
2017,7월,울산,375,5,550
2017,7월,세종,57,1,74
2017,7월,경기,4165,82,6382
2017,7월,강원,748,28,1219
2017,7월,충북,760,21,1293
2017,7월,충남,795,29,1266
2017,7월,전북,639,27,1007
2017,7월,전남,771,25,1214
2017,7월,경북,1156,31,1797
2017,7월,경남,979,31,1413
2017,7월,제주,414,7,622
2017,8월,서울,3308,24,4579
2017,8월,부산,1040,12,1454
2017,8월,대구,1080,11,1608
2017,8월,인천,657,16,916
2017,8월,광주,625,5,949
2017,8월,대전,702,8,1051
2017,8월,울산,343,2,500
2017,8월,세종,66,3,94
2017,8월,경기,4320,64,6738
2017,8월,강원,780,26,1366
2017,8월,충북,843,17,1385
2017,8월,충남,804,30,1211
2017,8월,전북,672,23,1060
2017,8월,전남,855,44,1324
2017,8월,경북,1213,32,1811
2017,8월,경남,985,29,1521
2017,8월,제주,389,7,595
2017,9월,서울,3488,33,4752
2017,9월,부산,1058,23,1416
2017,9월,대구,1174,18,1654
2017,9월,인천,662,9,980
2017,9월,광주,703,12,1120
2017,9월,대전,665,7,995
2017,9월,울산,370,9,529
2017,9월,세종,98,1,139
2017,9월,경기,4714,84,7247
2017,9월,강원,750,25,1161
2017,9월,충북,907,24,1476
2017,9월,충남,909,27,1405
2017,9월,전북,755,41,1125
2017,9월,전남,880,32,1378
2017,9월,경북,1295,43,1859
2017,9월,경남,1046,25,1475
2017,9월,제주,417,6,660
2017,10월,서울,3312,31,4646
2017,10월,부산,971,22,1353
2017,10월,대구,1163,17,1684
2017,10월,인천,606,11,897
2017,10월,광주,635,13,1062
2017,10월,대전,673,12,1018
2017,10월,울산,349,3,482
2017,10월,세종,74,2,142
2017,10월,경기,4464,67,6978
2017,10월,강원,706,24,1192
2017,10월,충북,839,21,1403
2017,10월,충남,823,38,1273
2017,10월,전북,716,33,1130
2017,10월,전남,922,47,1526
2017,10월,경북,1258,38,1866
2017,10월,경남,1021,35,1516
2017,10월,제주,331,6,530
2017,11월,서울,3375,28,4600
2017,11월,부산,958,19,1276
2017,11월,대구,1146,11,1667
2017,11월,인천,641,10,902
2017,11월,광주,647,10,1016
2017,11월,대전,700,5,1016
2017,11월,울산,381,4,551
2017,11월,세종,68,2,91
2017,11월,경기,4732,66,7234
2017,11월,강원,746,18,1137
2017,11월,충북,907,27,1448
2017,11월,충남,820,25,1208
2017,11월,전북,648,27,992
2017,11월,전남,920,41,1416
2017,11월,경북,1236,47,1852
2017,11월,경남,1060,34,1477
2017,11월,제주,392,5,589
2017,12월,서울,3179,30,4508
2017,12월,부산,982,12,1317
2017,12월,대구,1135,17,1639
2017,12월,인천,663,7,991
2017,12월,광주,647,8,1038
2017,12월,대전,685,11,1087
2017,12월,울산,429,10,582
2017,12월,세종,82,2,112
2017,12월,경기,4488,65,6722
2017,12월,강원,644,15,1035
2017,12월,충북,776,13,1224
2017,12월,충남,752,32,1179
2017,12월,전북,604,31,899
2017,12월,전남,819,33,1291
2017,12월,경북,1088,35,1616
2017,12월,경남,929,27,1279
2017,12월,제주,347,7,525
2018,전체,서울,38795,304,53751
2018,전체,부산,11937,123,16468
2018,전체,대구,13199,120,19332
2018,전체,인천,7632,113,10976
2018,전체,광주,7459,76,11977
2018,전체,대전,7554,93,11432
2018,전체,울산,3992,79,5777
2018,전체,세종,795,20,1142
2018,전체,경기,53448,678,81174
2018,전체,강원,7498,197,11922
2018,전체,충북,9618,224,15687
2018,전체,충남,8807,354,13283
2018,전체,전북,6929,246,10452
2018,전체,전남,9787,330,15680
2018,전체,경북,13966,409,20919
2018,전체,경남,11493,333,16454
2018,전체,제주,4239,82,6611
2018,1월,서울,3192,30,4490
2018,1월,부산,965,10,1325
2018,1월,대구,1044,11,1482
2018,1월,인천,694,14,991
2018,1월,광주,562,7,924
2018,1월,대전,547,11,805
2018,1월,울산,341,8,461
2018,1월,세종,57,4,88
2018,1월,경기,4405,61,6760
2018,1월,강원,588,13,937
2018,1월,충북,621,12,1040
2018,1월,충남,596,18,869
2018,1월,전북,533,20,796
2018,1월,전남,668,29,1129
2018,1월,경북,1023,24,1563
2018,1월,경남,859,21,1230
2018,1월,제주,331,11,548
2018,2월,서울,2973,28,4178
2018,2월,부산,859,9,1215
2018,2월,대구,908,13,1292
2018,2월,인천,636,9,979
2018,2월,광주,515,5,830
2018,2월,대전,567,7,882
2018,2월,울산,313,5,445
2018,2월,세종,73,0,115
2018,2월,경기,4327,44,6804
2018,2월,강원,522,9,913
2018,2월,충북,692,30,1135
2018,2월,충남,632,21,947
2018,2월,전북,489,19,786
2018,2월,전남,665,18,1052
2018,2월,경북,961,29,1470
2018,2월,경남,807,22,1132
2018,2월,제주,269,7,455
2018,3월,서울,3072,28,4288
2018,3월,부산,1019,15,1425
2018,3월,대구,1030,13,1490
2018,3월,인천,585,7,868
2018,3월,광주,607,5,973
2018,3월,대전,599,9,901
2018,3월,울산,364,10,468
2018,3월,세종,81,4,106
2018,3월,경기,3932,56,5925
2018,3월,강원,526,19,821
2018,3월,충북,763,8,1214
2018,3월,충남,713,39,1048
2018,3월,전북,549,12,766
2018,3월,전남,762,27,1204
2018,3월,경북,1097,25,1609
2018,3월,경남,952,28,1349
2018,3월,제주,371,5,560
2018,4월,서울,3219,24,4375
2018,4월,부산,963,12,1317
2018,4월,대구,1105,9,1660
2018,4월,인천,613,10,885
2018,4월,광주,598,9,940
2018,4월,대전,622,8,877
2018,4월,울산,330,7,518
2018,4월,세종,88,2,112
2018,4월,경기,4327,52,6593
2018,4월,강원,593,19,901
2018,4월,충북,821,18,1344
2018,4월,충남,773,30,1173
2018,4월,전북,605,20,877
2018,4월,전남,841,23,1362
2018,4월,경북,1204,29,1839
2018,4월,경남,958,25,1366
2018,4월,제주,332,6,504
2018,5월,서울,3454,22,4795
2018,5월,부산,1016,11,1456
2018,5월,대구,1165,13,1708
2018,5월,인천,666,2,955
2018,5월,광주,645,6,1010
2018,5월,대전,630,11,940
2018,5월,울산,318,9,460
2018,5월,세종,76,2,120
2018,5월,경기,4445,60,6751
2018,5월,강원,662,14,1025
2018,5월,충북,787,20,1303
2018,5월,충남,799,21,1290
2018,5월,전북,599,23,929
2018,5월,전남,843,32,1376
2018,5월,경북,1212,38,1819
2018,5월,경남,968,23,1364
2018,5월,제주,351,2,533
2018,6월,서울,3253,21,4452
2018,6월,부산,969,6,1297
2018,6월,대구,1116,6,1596
2018,6월,인천,606,4,869
2018,6월,광주,618,5,1059
2018,6월,대전,645,5,1036
2018,6월,울산,337,6,476
2018,6월,세종,69,3,106
2018,6월,경기,4397,56,6441
2018,6월,강원,635,13,983
2018,6월,충북,818,20,1328
2018,6월,충남,725,18,1056
2018,6월,전북,569,19,864
2018,6월,전남,798,23,1297
2018,6월,경북,1169,27,1691
2018,6월,경남,967,30,1408
2018,6월,제주,391,4,615
2018,7월,서울,3321,29,4588
2018,7월,부산,1030,14,1487
2018,7월,대구,1152,10,1717
2018,7월,인천,671,13,919
2018,7월,광주,639,7,1093
2018,7월,대전,617,4,942
2018,7월,울산,297,5,435
2018,7월,세종,62,0,85
2018,7월,경기,4610,51,7132
2018,7월,강원,663,14,1089
2018,7월,충북,855,20,1385
2018,7월,충남,745,26,1125
2018,7월,전북,555,27,815
2018,7월,전남,863,22,1422
2018,7월,경북,1240,33,1868
2018,7월,경남,996,31,1416
2018,7월,제주,383,9,586
2018,8월,서울,3203,27,4528
2018,8월,부산,1021,9,1354
2018,8월,대구,1130,11,1682
2018,8월,인천,598,12,893
2018,8월,광주,639,5,1064
2018,8월,대전,673,6,1022
2018,8월,울산,328,8,465
2018,8월,세종,52,1,85
2018,8월,경기,4359,67,6724
2018,8월,강원,717,20,1208
2018,8월,충북,841,23,1327
2018,8월,충남,756,30,1121
2018,8월,전북,585,19,934
2018,8월,전남,859,37,1382
2018,8월,경북,1236,41,1934
2018,8월,경남,961,35,1399
2018,8월,제주,377,6,627
2018,9월,서울,3144,20,4335
2018,9월,부산,1007,13,1428
2018,9월,대구,1122,8,1690
2018,9월,인천,679,10,976
2018,9월,광주,643,4,1009
2018,9월,대전,623,9,942
2018,9월,울산,318,6,492
2018,9월,세종,50,4,61
2018,9월,경기,4504,59,6970
2018,9월,강원,683,20,1109
2018,9월,충북,820,20,1437
2018,9월,충남,767,45,1162
2018,9월,전북,623,25,977
2018,9월,전남,857,34,1357
2018,9월,경북,1223,39,1864
2018,9월,경남,970,30,1396
2018,9월,제주,338,2,546
2018,10월,서울,3500,21,4752
2018,10월,부산,1029,13,1369
2018,10월,대구,1131,9,1666
2018,10월,인천,674,13,980
2018,10월,광주,666,12,1053
2018,10월,대전,684,11,1028
2018,10월,울산,390,4,595
2018,10월,세종,65,0,90
2018,10월,경기,4845,61,7178
2018,10월,강원,678,21,1027
2018,10월,충북,881,17,1397
2018,10월,충남,831,40,1242
2018,10월,전북,652,26,957
2018,10월,전남,984,26,1512
2018,10월,경북,1282,61,1894
2018,10월,경남,1091,28,1564
2018,10월,제주,355,10,532
2018,11월,서울,3243,30,4499
2018,11월,부산,1039,4,1422
2018,11월,대구,1198,4,1761
2018,11월,인천,611,11,828
2018,11월,광주,672,7,1009
2018,11월,대전,709,6,1068
2018,11월,울산,336,8,495
2018,11월,세종,65,0,91
2018,11월,경기,4765,46,7141
2018,11월,강원,654,14,1034
2018,11월,충북,934,18,1484
2018,11월,충남,742,35,1157
2018,11월,전북,626,20,940
2018,11월,전남,843,28,1319
2018,11월,경북,1200,26,1724
2018,11월,경남,990,28,1422
2018,11월,제주,402,13,606
2018,12월,서울,3221,24,4471
2018,12월,부산,1020,7,1373
2018,12월,대구,1098,13,1588
2018,12월,인천,599,8,833
2018,12월,광주,655,4,1013
2018,12월,대전,638,6,989
2018,12월,울산,320,3,467
2018,12월,세종,57,0,83
2018,12월,경기,4532,65,6755
2018,12월,강원,577,21,875
2018,12월,충북,785,18,1293
2018,12월,충남,728,31,1093
2018,12월,전북,544,16,811
2018,12월,전남,804,31,1268
2018,12월,경북,1119,37,1644
2018,12월,경남,974,32,1408
2018,12월,제주,339,7,499
2019,전체,서울,39258,250,53904
2019,전체,부산,12992,116,17832
2019,전체,대구,14536,112,21598
2019,전체,인천,8698,118,12258
2019,전체,광주,8169,49,13076
2019,전체,대전,8337,77,12649
2019,전체,울산,4347,55,6301
2019,전체,세종,922,15,1301
2019,전체,경기,55463,631,84508
2019,전체,강원,7554,185,11752
2019,전체,충북,9538,188,15539
2019,전체,충남,9404,308,14087
2019,전체,전북,7615,238,11651
2019,전체,전남,10877,294,17905
2019,전체,경북,14648,354,21970
2019,전체,경남,12830,293,18563
2019,전체,제주,4412,66,6818
2019,1월,서울,2983,25,4134
2019,1월,부산,996,11,1372
2019,1월,대구,1035,10,1455
2019,1월,인천,591,15,833
2019,1월,광주,581,2,910
2019,1월,대전,604,6,917
2019,1월,울산,287,3,401
2019,1월,세종,66,0,90
2019,1월,경기,4093,70,6087
2019,1월,강원,535,18,858
2019,1월,충북,681,15,1085
2019,1월,충남,586,27,818
2019,1월,전북,491,14,733
2019,1월,전남,793,23,1259
2019,1월,경북,1017,30,1523
2019,1월,경남,868,20,1246
2019,1월,제주,345,7,548
2019,2월,서울,2482,13,3368
2019,2월,부산,951,6,1366
2019,2월,대구,961,9,1453
2019,2월,인천,532,3,801
2019,2월,광주,511,4,858
2019,2월,대전,590,6,887
2019,2월,울산,273,3,392
2019,2월,세종,67,0,94
2019,2월,경기,3582,46,5655
2019,2월,강원,457,10,761
2019,2월,충북,581,9,1015
2019,2월,충남,582,15,935
2019,2월,전북,516,17,853
2019,2월,전남,678,17,1152
2019,2월,경북,865,26,1370
2019,2월,경남,816,15,1178
2019,2월,제주,308,4,474
2019,3월,서울,3099,22,4223
2019,3월,부산,1067,6,1462
2019,3월,대구,1200,10,1764
2019,3월,인천,655,7,961
2019,3월,광주,633,3,1005
2019,3월,대전,670,4,1006
2019,3월,울산,336,6,454
2019,3월,세종,83,2,106
2019,3월,경기,4335,50,6658
2019,3월,강원,557,12,849
2019,3월,충북,771,11,1269
2019,3월,충남,721,18,1110
2019,3월,전북,592,17,888
2019,3월,전남,847,24,1332
2019,3월,경북,1121,30,1687
2019,3월,경남,1069,21,1585
2019,3월,제주,377,9,549
2019,4월,서울,3283,14,4500
2019,4월,부산,1100,9,1542
2019,4월,대구,1249,10,1845
2019,4월,인천,738,13,1025
2019,4월,광주,692,1,1087
2019,4월,대전,697,5,1029
2019,4월,울산,355,7,521
2019,4월,세종,77,1,115
2019,4월,경기,4535,52,6910
2019,4월,강원,582,19,861
2019,4월,충북,794,23,1245
2019,4월,충남,759,21,1107
2019,4월,전북,623,16,1018
2019,4월,전남,911,28,1609
2019,4월,경북,1198,31,1808
2019,4월,경남,1139,27,1647
2019,4월,제주,372,9,569
2019,5월,서울,3497,24,4886
2019,5월,부산,1127,14,1521
2019,5월,대구,1282,8,1891
2019,5월,인천,782,14,1087
2019,5월,광주,724,3,1209
2019,5월,대전,816,10,1216
2019,5월,울산,408,3,587
2019,5월,세종,75,2,99
2019,5월,경기,4985,60,7666
2019,5월,강원,651,15,1016
2019,5월,충북,878,21,1427
2019,5월,충남,864,19,1254
2019,5월,전북,713,23,1098
2019,5월,전남,1001,31,1677
2019,5월,경북,1397,29,2113
2019,5월,경남,1184,25,1709
2019,5월,제주,395,4,621
2019,6월,서울,3290,20,4542
2019,6월,부산,1014,9,1425
2019,6월,대구,1226,11,1848
2019,6월,인천,681,9,946
2019,6월,광주,652,7,1024
2019,6월,대전,684,3,1037
2019,6월,울산,366,5,555
2019,6월,세종,83,3,101
2019,6월,경기,4513,45,6950
2019,6월,강원,621,9,959
2019,6월,충북,802,24,1290
2019,6월,충남,826,30,1265
2019,6월,전북,651,20,967
2019,6월,전남,906,24,1485
2019,6월,경북,1269,32,1898
2019,6월,경남,1057,22,1539
2019,6월,제주,327,6,484
2019,7월,서울,3311,15,4446
2019,7월,부산,1159,13,1552
2019,7월,대구,1168,9,1739
2019,7월,인천,759,12,1079
2019,7월,광주,658,5,1077
2019,7월,대전,706,10,1054
2019,7월,울산,376,2,566
2019,7월,세종,76,1,122
2019,7월,경기,4569,38,6859
2019,7월,강원,712,19,1083
2019,7월,충북,797,14,1308
2019,7월,충남,804,26,1233
2019,7월,전북,622,15,908
2019,7월,전남,872,16,1419
2019,7월,경북,1199,24,1784
2019,7월,경남,1071,20,1579
2019,7월,제주,375,2,545
2019,8월,서울,3447,22,4765
2019,8월,부산,1128,9,1525
2019,8월,대구,1196,6,1813
2019,8월,인천,743,9,1065
2019,8월,광주,690,8,1100
2019,8월,대전,731,7,1138
2019,8월,울산,375,3,555
2019,8월,세종,79,1,115
2019,8월,경기,4670,37,7286
2019,8월,강원,774,13,1272
2019,8월,충북,851,17,1377
2019,8월,충남,833,23,1271
2019,8월,전북,705,23,1162
2019,8월,전남,943,24,1547
2019,8월,경북,1302,24,1961
2019,8월,경남,1120,22,1749
2019,8월,제주,405,5,657
2019,9월,서울,3313,25,4550
2019,9월,부산,1054,8,1421
2019,9월,대구,1217,11,1827
2019,9월,인천,736,12,996
2019,9월,광주,743,3,1178
2019,9월,대전,658,7,1028
2019,9월,울산,364,3,525
2019,9월,세종,76,1,115
2019,9월,경기,4626,55,6991
2019,9월,강원,640,22,991
2019,9월,충북,822,10,1312
2019,9월,충남,802,23,1262
2019,9월,전북,637,22,1006
2019,9월,전남,924,24,1525
2019,9월,경북,1239,28,1840
2019,9월,경남,1128,27,1596
2019,9월,제주,352,6,583
2019,10월,서울,3634,31,5053
2019,10월,부산,1201,8,1638
2019,10월,대구,1372,5,2019
2019,10월,인천,829,12,1177
2019,10월,광주,726,4,1122
2019,10월,대전,777,5,1206
2019,10월,울산,417,8,563
2019,10월,세종,90,1,130
2019,10월,경기,5392,61,8209
2019,10월,강원,704,16,1069
2019,10월,충북,902,17,1471
2019,10월,충남,916,42,1332
2019,10월,전북,721,31,1055
2019,10월,전남,1087,31,1711
2019,10월,경북,1367,30,2065
2019,10월,경남,1150,30,1604
2019,10월,제주,405,5,626
2019,11월,서울,3669,14,4933
2019,11월,부산,1100,14,1466
2019,11월,대구,1372,14,2113
2019,11월,인천,854,5,1190
2019,11월,광주,797,6,1289
2019,11월,대전,718,9,1096
2019,11월,울산,407,3,579
2019,11월,세종,82,3,107
2019,11월,경기,5226,54,7859
2019,11월,강원,688,16,1071
2019,11월,충북,892,13,1463
2019,11월,충남,947,33,1357
2019,11월,전북,706,23,1041
2019,11월,전남,1030,23,1699
2019,11월,경북,1462,29,2107
2019,11월,경남,1186,31,1670
2019,11월,제주,381,7,583
2019,12월,서울,3250,25,4504
2019,12월,부산,1095,9,1542
2019,12월,대구,1258,9,1831
2019,12월,인천,798,7,1098
2019,12월,광주,762,3,1217
2019,12월,대전,686,5,1035
2019,12월,울산,383,9,603
2019,12월,세종,68,0,107
2019,12월,경기,4937,63,7378
2019,12월,강원,633,16,962
2019,12월,충북,767,14,1277
2019,12월,충남,764,31,1143
2019,12월,전북,638,17,922
2019,12월,전남,885,29,1490
2019,12월,경북,1212,41,1814
2019,12월,경남,1042,33,1461
2019,12월,제주,370,2,579
2020,전체,서울,35227,219,47513
2020,전체,부산,11913,100,16347
2020,전체,대구,12940,112,18974
2020,전체,인천,8505,91,11950
2020,전체,광주,7718,63,12293
2020,전체,대전,7215,66,10636
2020,전체,울산,3834,51,5444
2020,전체,세종,813,7,1076
2020,전체,경기,52391,612,77679
2020,전체,강원,7039,133,10779
2020,전체,충북,8398,171,13238
2020,전체,충남,8952,261,13381
2020,전체,전북,6451,220,9778
2020,전체,전남,9816,273,15645
2020,전체,경북,12673,354,18723
2020,전체,경남,11739,280,16607
2020,전체,제주,4030,68,6131
2020,1월,서울,2788,18,3944
2020,1월,부산,1022,14,1454
2020,1월,대구,1102,6,1614
2020,1월,인천,635,2,910
2020,1월,광주,673,5,1144
2020,1월,대전,566,8,866
2020,1월,울산,333,4,460
2020,1월,세종,73,0,109
2020,1월,경기,4081,71,6313
2020,1월,강원,617,5,990
2020,1월,충북,648,10,1026
2020,1월,충남,714,27,1071
2020,1월,전북,573,20,854
2020,1월,전남,836,20,1326
2020,1월,경북,1030,29,1527
2020,1월,경남,928,30,1321
2020,1월,제주,349,8,513
2020,2월,서울,2999,20,3980
2020,2월,부산,925,5,1281
2020,2월,대구,917,8,1303
2020,2월,인천,783,6,1078
2020,2월,광주,596,5,937
2020,2월,대전,600,5,876
2020,2월,울산,286,6,410
2020,2월,세종,66,0,84
2020,2월,경기,4213,52,6313
2020,2월,강원,501,4,730
2020,2월,충북,630,9,1006
2020,2월,충남,619,17,900
2020,2월,전북,482,16,743
2020,2월,전남,709,21,1123
2020,2월,경북,858,23,1259
2020,2월,경남,819,24,1147
2020,2월,제주,282,1,388
2020,3월,서울,2561,21,3385
2020,3월,부산,870,5,1172
2020,3월,대구,778,4,1229
2020,3월,인천,610,5,872
2020,3월,광주,595,6,964
2020,3월,대전,535,6,782
2020,3월,울산,293,4,404
2020,3월,세종,74,3,83
2020,3월,경기,3730,52,5610
2020,3월,강원,478,9,707
2020,3월,충북,597,16,924
2020,3월,충남,586,26,875
2020,3월,전북,489,18,746
2020,3월,전남,764,20,1210
2020,3월,경북,801,17,1168
2020,3월,경남,883,22,1260
2020,3월,제주,305,5,432
2020,4월,서울,2724,17,3724
2020,4월,부산,933,10,1283
2020,4월,대구,975,11,1460
2020,4월,인천,647,4,951
2020,4월,광주,620,7,989
2020,4월,대전,593,6,868
2020,4월,울산,307,10,448
2020,4월,세종,46,0,64
2020,4월,경기,4129,41,6172
2020,4월,강원,505,8,759
2020,4월,충북,697,14,1087
2020,4월,충남,651,19,1031
2020,4월,전북,511,11,748
2020,4월,전남,705,11,1107
2020,4월,경북,959,21,1381
2020,4월,경남,915,17,1292
2020,4월,제주,269,6,417
2020,5월,서울,3139,18,4294
2020,5월,부산,1039,10,1456
2020,5월,대구,1129,9,1640
2020,5월,인천,748,7,1083
2020,5월,광주,673,7,1083
2020,5월,대전,638,8,954
2020,5월,울산,299,2,404
2020,5월,세종,62,1,87
2020,5월,경기,4522,45,6735
2020,5월,강원,618,10,934
2020,5월,충북,699,11,1132
2020,5월,충남,786,18,1192
2020,5월,전북,544,17,828
2020,5월,전남,874,25,1453
2020,5월,경북,1097,41,1636
2020,5월,경남,992,19,1396
2020,5월,제주,325,6,484
2020,6월,서울,3189,15,4372
2020,6월,부산,1045,6,1423
2020,6월,대구,1151,12,1710
2020,6월,인천,721,8,1048
2020,6월,광주,723,1,1162
2020,6월,대전,644,6,907
2020,6월,울산,334,6,491
2020,6월,세종,61,0,81
2020,6월,경기,4673,55,6881
2020,6월,강원,684,10,1046
2020,6월,충북,755,8,1222
2020,6월,충남,827,17,1229
2020,6월,전북,580,18,897
2020,6월,전남,963,29,1568
2020,6월,경북,1181,33,1736
2020,6월,경남,1149,24,1605
2020,6월,제주,337,6,502
2020,7월,서울,3162,15,4319
2020,7월,부산,1055,10,1469
2020,7월,대구,1170,8,1714
2020,7월,인천,763,7,1080
2020,7월,광주,577,3,930
2020,7월,대전,636,6,908
2020,7월,울산,320,5,467
2020,7월,세종,57,1,79
2020,7월,경기,4645,48,6907
2020,7월,강원,630,13,1035
2020,7월,충북,721,12,1096
2020,7월,충남,754,24,1116
2020,7월,전북,553,21,876
2020,7월,전남,764,17,1247
2020,7월,경북,1138,29,1704
2020,7월,경남,987,17,1437
2020,7월,제주,370,4,585
2020,8월,서울,2926,19,3948
2020,8월,부산,1029,7,1415
2020,8월,대구,1136,17,1686
2020,8월,인천,715,6,1022
2020,8월,광주,642,6,1019
2020,8월,대전,564,6,840
2020,8월,울산,339,2,502
2020,8월,세종,51,0,65
2020,8월,경기,4142,55,6211
2020,8월,강원,627,18,994
2020,8월,충북,721,20,1123
2020,8월,충남,766,25,1174
2020,8월,전북,537,20,876
2020,8월,전남,831,28,1342
2020,8월,경북,1140,40,1787
2020,8월,경남,1064,22,1605
2020,8월,제주,386,4,655
2020,9월,서울,2991,21,4035
2020,9월,부산,954,13,1239
2020,9월,대구,1215,18,1733
2020,9월,인천,711,11,948
2020,9월,광주,633,4,942
2020,9월,대전,624,5,927
2020,9월,울산,309,3,434
2020,9월,세종,94,0,126
2020,9월,경기,4504,62,6496
2020,9월,강원,629,17,916
2020,9월,충북,759,23,1184
2020,9월,충남,829,21,1203
2020,9월,전북,579,20,856
2020,9월,전남,869,24,1358
2020,9월,경북,1086,26,1566
2020,9월,경남,986,24,1370
2020,9월,제주,352,9,506
2020,10월,서울,3122,20,4143
2020,10월,부산,1064,7,1498
2020,10월,대구,1238,9,1809
2020,10월,인천,730,15,992
2020,10월,광주,705,8,1117
2020,10월,대전,614,2,923
2020,10월,울산,331,3,485
2020,10월,세종,79,1,110
2020,10월,경기,4731,53,7011
2020,10월,강원,652,14,1002
2020,10월,충북,802,18,1338
2020,10월,충남,921,28,1358
2020,10월,전북,612,22,886
2020,10월,전남,924,30,1477
2020,10월,경북,1226,41,1828
2020,10월,경남,1103,33,1550
2020,10월,제주,401,5,663
2020,11월,서울,3007,19,3926
2020,11월,부산,1054,6,1470
2020,11월,대구,1117,4,1668
2020,11월,인천,771,13,1055
2020,11월,광주,651,8,1033
2020,11월,대전,650,7,982
2020,11월,울산,365,4,512
2020,11월,세종,79,0,102
2020,11월,경기,4710,46,6934
2020,11월,강원,609,12,954
2020,11월,충북,768,15,1199
2020,11월,충남,774,24,1152
2020,11월,전북,556,21,835
2020,11월,전남,799,16,1220
2020,11월,경북,1150,26,1696
2020,11월,경남,1015,28,1391
2020,11월,제주,363,12,569
2020,12월,서울,2619,16,3443
2020,12월,부산,923,7,1187
2020,12월,대구,1012,6,1408
2020,12월,인천,671,7,911
2020,12월,광주,630,3,973
2020,12월,대전,551,1,803
2020,12월,울산,318,2,427
2020,12월,세종,71,1,86
2020,12월,경기,4311,32,6096
2020,12월,강원,489,13,712
2020,12월,충북,601,15,901
2020,12월,충남,725,15,1080
2020,12월,전북,435,16,633
2020,12월,전남,778,32,1214
2020,12월,경북,1007,28,1435
2020,12월,경남,898,20,1233
2020,12월,제주,291,2,417
